year,spotrac_id,player,from_team,to_team,kind,pos,years,value,aav,status
2012,2757,Deron Williams,BKN,BKN,re_sign,PG,5,98772325,19754465,Official
2012,6113,Roy Hibbert,IND,IND,re_sign,C,4,58365563,14591391,Official
2012,6116,Eric Gordon,NOH,NOH,re_sign,SG,4,58365563,14591391,Official
2012,6149,Nicolas Batum,POR,POR,re_sign,SF,4,46121500,11530375,Official
2012,6159,JaVale McGee,DEN,DEN,re_sign,C,4,44000000,11000000,Official
2012,2237,Gerald Wallace,BKN,BKN,re_sign,SF,4,40000030,10000008,Official
2012,6154,George Hill,IND,IND,re_sign,PG,5,40000000,8000000,Official
2012,6341,Ersan Ilyasova,MIL,MIL,re_sign,PF,5,40000000,8000000,Agreed
2012,2214,Kevin Garnett,BOS,BOS,re_sign,PF,3,36000000,12000000,Official
2012,2720,Jeff Green,BOS,BOS,re_sign,PF,4,35200000,8800000,Official
2012,6133,Ryan Anderson,ORL,ORL,re_sign,PF,4,34000000,8500000,Official
2012,2703,Tim Duncan,SAS,SAS,re_sign,PF,3,30361446,10120482,Official
2012,6153,Jason Thompson,SAC,SAC,re_sign,PF,5,30187500,6037500,Official
2012,6146,Goran Dragic,HOU,PHX,move,PG,4,30000000,7500000,Official
2012,2665,Steve Nash,PHX,LAL,move,PG,3,27901500,9300500,Official
2012,2642,Jameer Nelson,ORL,ORL,re_sign,PG,3,25200000,8400000,Official
2012,7115,Jeremy Lin,NYK,HOU,move,PG,3,25123938,8374646,Official
2012,7110,Omer Asik,CHI,HOU,move,C,3,25123938,8374646,Official
2012,6144,Courtney Lee,HOU,HOU,re_sign,SG,4,21350000,5337500,Official
2012,2618,Jamal Crawford,POR,LAC,move,SG,4,21350000,5337500,Official
2012,2270,Brandon Bass,BOS,BOS,re_sign,PF,3,19350000,6450000,Official
2012,6921,Landry Fields,NYK,TOR,move,SF,3,18750000,6250000,Official
2012,6127,Michael Beasley,MIN,PHX,move,SF,3,18000000,6000000,Agreed
2012,2708,Ian Mahinmi,DAL,DAL,re_sign,C,4,16000000,4000000,Official
2012,2657,Louis Williams,PHI,ATL,move,SG,3,15675000,5225000,Official
2012,2281,Jason Terry,DAL,BOS,move,SG,3,15675000,5225000,Official
2012,2229,Raymond Felton,POR,POR,re_sign,PG,4,14860000,3715000,Official
2012,2653,Andre Miller,DEN,DEN,re_sign,PG,3,14625000,4875000,Official
2012,6252,Marcus Camby,HOU,HOU,re_sign,C,3,13151319,4383773,Official
2012,2690,Spencer Hawes,PHI,PHI,re_sign,PF,2,13100000,6550000,Official
2012,6277,Danny Green,SAS,SAS,re_sign,SG,3,11287500,3762500,Official
2012,2683,Brandon Roy,POR,MIN,move,SG,2,10400000,5200000,Agreed
2012,2566,Ramon Sessions,LAL,CHA,move,PG,2,10000000,5000000,Official
2012,6121,Darrell Arthur,MEM,MEM,re_sign,PF,2,9675000,4837500,Official
2012,6089,Boris Diaw,SAS,SAS,re_sign,C,2,9202500,4601250,Agreed
2012,2276,Jason Kidd,DAL,NYK,move,PG,3,9090000,3030000,Agreed
2012,6145,Marreese Speights,MEM,MEM,re_sign,PF,2,8715000,4357500,Official
2012,6124,O.J. Mayo,MEM,DAL,move,SG,2,8220900,4110450,Official
2012,2475,Chris Kaman,NOH,DAL,move,C,1,8000000,8000000,Official
2012,2245,Kirk Hinrich,ATL,CHI,move,SG,2,8000000,4000000,Agreed
2012,2396,Carl Landry,NOH,GSW,move,PF,2,8000000,4000000,Official
2012,6114,Brandon Rush,GSW,GSW,re_sign,SG,2,8000000,4000000,Official
2012,6310,Jordan Hill,LAL,LAL,re_sign,C,2,7127200,3563600,Official
2012,2238,Shannon Brown,PHX,PHX,re_sign,PG,2,7000000,3500000,Official
2012,2768,DeShawn Stevenson,ATL,ATL,re_sign,SF,3,6721350,2240450,Official
2012,2209,Ray Allen,BOS,MIA,move,SG,2,6319050,3159525,Official
2012,6150,Jerryd Bayless,TOR,MEM,move,PG,2,6135000,3067500,Official
2012,8102,LaVoy Allen,PHI,PHI,re_sign,PF,2,6060000,3030000,Official
2012,6496,Carlos Delfino,MIL,HOU,move,SG,2,6000000,3000000,Official
2012,2529,Kwame Brown,MIL,PHI,move,C,2,5764945,2882473,Official
2012,2770,Nick Young,LAC,PHI,move,SG,1,5600000,5600000,Official
2012,8643,Greg Stiemsma,BOS,MIN,move,C,2,5265875,2632938,Official
2012,2244,Aaron Gray,TOR,TOR,re_sign,C,2,5265875,2632938,Official
2012,6110,Anthony Randolph,MIN,DEN,move,PF,3,5250000,1750000,Official
2012,6937,Jeremy Evans,UTA,UTA,re_sign,SF,3,5250000,1750000,Official
2012,2649,Reggie Evans,LAC,BKN,move,PF,3,5086905,1695635,Agreed
2012,2390,Aaron Brooks,SAC,HOU,move,PG,1,5000000,5000000,Official
2012,2621,Jared Jeffries,NYK,NYK,re_sign,PF,3,4624458,1541486,Official
2012,2753,C.J. Miles,UTA,CLE,move,SF,2,4450000,2225000,Official
2012,2650,Willie Green,ATL,ATL,re_sign,SF,3,4222997,1407666,Official
2012,2662,Grant Hill,PHX,LAC,move,SF,2,4002065,2001033,Official
2012,2298,Chauncey Billups,LAC,LAC,re_sign,PG,1,4000000,4000000,Official
2012,6096,J.J Hickson,POR,POR,re_sign,PF,1,4000000,4000000,Official
2012,6088,D.J. Augustin,CHA,IND,move,PG,1,3500000,3500000,Official
2012,7111,John Lucas III,CHI,TOR,move,PG,2,3000000,1500000,Official
2012,7116,Ishmael Smith,ORL,ORL,re_sign,PG,3,2854389,951463,Official
2012,2641,Rashard Lewis,NOH,MIA,move,PF,2,2751688,1375844,Official
2012,6123,Hamed Haddadi,MEM,MEM,re_sign,C,2,2697500,1348750,Official
2012,2576,Randy Foye,LAC,UTA,move,SG,1,2500000,2500000,Official
2012,6902,James Anderson,SAS,HOU,move,SG,3,2429920,809973,Official
2012,2756,Ronnie Price,PHX,POR,move,PG,2,2412314,1206157,Official
2012,6322,Patty Mills,SAS,SAS,re_sign,PG,2,2219070,1109535,Official
2012,2324,C.J. Watson,CHI,BKN,move,PG,2,2099622,1049811,Official
2012,2765,Dominic McGuire,GSW,TOR,move,SF,2,2099621,1049811,Official
2012,2314,Marco Belinelli,NOH,CHI,move,SG,1,1957000,1957000,Official
2012,6911,Daniel Orton,ORL,OKC,move,C,2,1770488,885244,Official
2012,2685,Martell Webster,MIN,WAS,move,SF,1,1750000,1750000,Official
2012,8107,E'Twaun Moore,HOU,ORL,move,SG,2,1646488,823244,Official
2012,11386,Cory Higgins,CHA,CHA,re_sign,SG,2,1646488,823244,Official
2012,8105,DeAndre Liggins,ORL,OKC,move,SG,2,1646488,823244,Official
2012,6300,Jodie Meeks,PHI,LAL,move,SG,1,1500000,1500000,Official
2012,2411,Troy Murphy,LAL,DAL,move,PF,1,1352181,1352181,Official
2012,6253,Jason Collins,ATL,BOS,move,C,1,1352181,1352181,Official
2012,2728,Chris Wilcox,BOS,BOS,re_sign,PF,1,1352181,1352181,Official
2012,2280,Jerry Stackhouse,ATL,BKN,move,SF,1,1352181,1352181,Official
2012,2233,Nazr Mohammed,OKC,CHI,move,C,1,1352181,1352181,Official
2012,2524,Vladimir Radmanovic,ATL,CHI,move,SF,1,1352181,1352181,Official
2012,2763,Antawn Jamison,CLE,LAL,move,PF,1,1352181,1352181,Official
2012,2413,Jermaine O'Neal,BOS,PHX,move,C,1,1352181,1352181,Official
2012,2278,Jamaal Magloire,TOR,TOR,re_sign,C,1,1352181,1352181,Official
2012,2619,Eddy Curry,MIA,SAS,move,C,1,1352181,1352181,Official
2012,2286,Anthony Carter,TOR,DEN,move,PG,1,1352181,1352181,Official
2012,2555,Chris Quinn,UTA,CLE,move,PG,2,1276282,638141,Official
2012,11056,Dionte Christmas,PHI,BOS,move,SG,2,1262476,631238,Official
2012,2273,Josh Howard,UTA,MIN,move,SF,1,1229255,1229255,Official
2012,2633,Keith Bogans,NJN,BKN,move,SF,1,1229255,1229255,Official
2012,2659,Leandro Barbosa,IND,BOS,move,SG,1,1229255,1229255,Official
2012,2313,Matt Barnes,LAL,LAC,move,SF,1,1229255,1229255,Official
2012,2634,Brian Cook,DEN,WAS,move,PF,1,1229255,1229255,Official
2012,2538,Darko Milicic,MIN,BOS,move,PF,1,1229255,1229255,Official
2012,2403,Marquis Daniels,BOS,MIL,move,SF,1,1229255,1229255,Official
2012,6280,Jannero Pargo,ATL,WAS,move,PG,1,1229255,1229255,Official
2012,2267,Delonte West,DAL,DAL,re_sign,PG,1,1223166,1223166,Official
2012,2764,Roger Mason,WAS,NOH,move,SG,1,1223166,1223166,Official
2012,2562,Royal Ivey,OKC,PHI,move,PG,1,1223166,1223166,Official
2012,6143,Damien Wilkins,DET,PHI,move,SG,1,1223166,1223166,Official
2012,2201,Solomon Jones,PHX,NYK,move,PF,2,1217915,608958,Official
2012,6306,Terrence Williams,BOS,BOS,re_sign,SG,2,1197823,598912,Official
2012,10968,Kevin Jones,CLE,CLE,re_sign,PF,2,1178899,589450,Official
2012,2628,Nate Robinson,GSW,CHI,move,PG,1,1146337,1146337,Official
2012,2525,Ronny Turiaf,MIA,LAC,move,C,1,1146337,1146337,Official
2012,2759,Andray Blatche,WAS,BKN,move,C,1,1146337,1146337,Official
2012,2517,Derek Fisher,OKC,DAL,move,PG,1,1088340,1088340,Official
2012,2231,Ryan Hollins,CLE,LAC,move,C,1,1069509,1069509,Official
2012,2746,Ronnie Brewer,CHI,NYK,move,SF,1,1069509,1069509,Official
2012,6968,Josh Childress,PHX,BKN,move,SF,1,1069509,1069509,Official
2012,8646,Earl Barron,GSW,WAS,move,PF,1,1069509,1069509,Official
2012,6934,Luke Harangody,CLE,CLE,re_sign,PF,1,1054389,1054389,Official
2012,6925,Devin Ebanks,LAL,LAL,re_sign,SF,1,1054389,1054389,Official
2012,6152,Donte Greene,SAC,MEM,move,SF,2,1032811,516406,Official
2012,6923,Jarvis Varnado,MIA,MIA,re_sign,PF,2,1006173,503087,Official
2012,8677,Ivan Johnson,ATL,ATL,re_sign,PF,1,962195,962195,Official
2012,8093,Darius Morris,LAL,LAL,re_sign,PG,1,962195,962195,Official
2012,6091,Cartier Martin,WAS,WAS,re_sign,PF,1,915852,915852,Official
2012,2234,Adam Morrison,WAS,POR,move,SF,1,915852,915852,Official
2012,6292,A.J. Price,IND,WAS,move,PG,1,885120,885120,Official
2012,9423,Blake Ahearn,UTA,IND,move,SG,1,885120,885120,Official
2012,6487,Sundiata Gaines,NJN,IND,move,PG,1,885120,885120,Official
2012,6274,Derrick Brown,CHA,SAS,move,PG,1,885120,885120,Official
2012,6134,Chris Douglas-Roberts,MIL,LAL,move,SG,1,885120,885120,Official
2012,6286,DaJuan Summers,NOH,CHA,move,PF,1,885120,885120,Official
2012,6306,Terrence Williams,SAC,DET,move,SG,1,885120,885120,Official
2012,6303,Jonny Flynn,POR,DET,move,PG,1,885120,885120,Official
2012,6134,Chris Douglas-Roberts,LAL,DAL,move,SG,1,885120,885120,Official
2012,7117,Ben Uzoh,TOR,DEN,move,PG,1,854389,854389,Official
2012,6932,Solomon Alabi,TOR,NOH,move,C,1,854389,854389,Official
2012,6906,Damion James,BKN,ATL,move,SG,1,854389,854389,Official
2012,6483,Anthony Tolliver,MIN,ATL,move,PF,1,854389,854389,Official
2012,6916,Armon Johnson,NJN,ORL,move,PG,1,854389,854389,Official
2012,6488,Othyus Jeffers,WAS,PHX,move,PG,1,854389,854389,Official
2012,6902,James Anderson,ATL,SAS,move,SG,1,854389,854389,Official
2012,11441,Justin Holiday,POR,PHI,move,SG,2,836232,418116,Official
2012,10876,Kris Joseph,BKN,BKN,re_sign,SF,2,805587,402794,Official
2012,11419,Josh Akognon,DAL,DAL,re_sign,PG,2,802802,401401,Official
2012,11665,Willie Reed,SAC,MEM,move,C,2,791658,395829,Official
2012,8711,Terrel Harris,MIA,MIA,re_sign,SG,1,762195,762195,Official
2012,8097,Josh Harrellson,HOU,MIA,move,PF,1,762195,762195,Official
2012,8668,Mickell Gladness,GSW,MIA,move,PF,1,762195,762195,Official
2012,6926,Jerome Jordan,HOU,MEM,move,C,1,762195,762195,Official
2012,8647,Chris Wright,GSW,TOR,move,SF,1,762195,762195,Official
2012,8725,Walker Russell Jr,DET,OKC,move,PG,1,762195,762195,Official
2012,6290,Jermaine Taylor,SAC,MIN,move,SG,1,762195,762195,Official
2012,2765,Dominic McGuire,TOR,NOH,move,SF,1,726351,726351,Official
2012,2547,Daequan Cook,HOU,CHI,move,SG,1,595608,595608,Official
2012,6134,Chris Douglas-Roberts,DAL,DAL,re_sign,SG,1,593678,593678,Official
2012,6912,Lazar Hayward,HOU,MIN,move,PF,1,573066,573066,Official
2012,6492,Garrett Temple,MIA,WAS,move,SG,1,572943,572943,Official
2012,8086,Shelvin Mack,WAS,WAS,re_sign,PG,1,511119,511119,Official
2012,11055,Jamar Smith,BOS,BOS,re_sign,SG,1,473604,473604,Official
2012,11315,James Mays,BKN,BKN,re_sign,PF,1,473604,473604,Official
2012,11317,Stephen Dennis,LAC,BKN,move,SG,1,473604,473604,Official
2012,11645,Seth Tarver,POR,MIN,move,SG,1,473604,473604,Official
2012,11649,Jerel McNeal,NOH,TOR,move,PG,1,473604,473604,Official
2012,2635,Keyon Dooling,BOS,MEM,move,SG,1,119310,119310,Official
2012,6102,Chris Andersen,DEN,MIA,move,PF,0,72309,,Official
2012,2655,Shavlik Randolph,WAS,BOS,move,PF,10,58393,5839,Official
2012,2765,Dominic McGuire,NOH,IND,move,SF,10,58392,5839,Official
2012,2765,Dominic McGuire,IND,IND,re_sign,SF,10,58392,5839,Official
2012,8098,Andrew Goudelock,LAL,LAL,re_sign,PG,1,17934,17934,Official
2012,2397,Tracy McGrady,ATL,SAS,move,SG,1,15908,15908,Official
2012,2627,Quentin Richardson,ORL,NYK,move,PF,1,15908,15908,Official
2012,2323,Mickael Pietrus,BOS,TOR,move,SF,0,0,,Official
2012,2607,Mike James,CHI,DAL,move,PG,0,0,,Official
2012,2561,Dan Gadzuric,POR,PHI,move,C,0,0,,Official
2012,9543,D.J. Kennedy,MEM,MEM,re_sign,SG,0,0,,Official
2012,10405,Xavier Silas,PHI,PHI,re_sign,SG,0,0,,Official
2012,2748,Kyrylo Fesenko,IND,CHI,move,C,0,0,,Official
2012,6906,Damion James,ATL,BKN,move,SG,0,0,,Official
2012,2607,Mike James,DAL,DAL,re_sign,PG,0,0,,Official
2012,8518,Jermey Pargo,PHI,PHI,re_sign,PG,1,0,0,Official
2013,2640,Dwight Howard,LAL,HOU,move,C,4,87591270,21897818,Official
2013,7003,Nikola Pekovic,MIN,MIN,re_sign,C,5,60000000,12000000,Official
2013,2205,Josh Smith,ATL,DET,move,SF,4,56000000,14000000,Official
2013,2652,Andre Iguodala,DEN,GSW,move,SF/SG,4,48000000,12000000,Official
2013,6326,Tyreke Evans,SAC,NOP,move,SG,4,44000004,11000001,Official
2013,2579,Al Jefferson,UTA,CHA,move,C,3,41000000,13666667,Official
2013,6272,Jeff Teague,ATL,ATL,re_sign,PG,4,32000000,8000000,Official
2013,2734,Jose Calderon,DET,DAL,move,PG,4,29000000,7250000,Official
2013,2692,Kevin Martin,OKC,MIN,move,SG,4,27805000,6951250,Official
2013,2643,J.J. Redick,MIL,LAC,move,SG,4,27755000,6938750,Official
2013,2675,Jarrett Jack,GSW,CLE,move,PG,4,25200000,6300000,Official
2013,2318,Monta Ellis,MIL,DAL,move,SG,3,25080000,8360000,Official
2013,2515,Andrew Bynum,PHI,CLE,move,C,2,24790000,12395000,Official
2013,6299,Brandon Jennings,MIL,DET,move,PG,3,24000000,8000000,Official
2013,2752,Kyle Korver,ATL,ATL,re_sign,SG,4,24000000,6000000,Official
2013,6124,O.J. Mayo,DAL,MIL,move,SG,3,24000000,8000000,Agreed
2013,2210,Tony Allen,MEM,MEM,re_sign,SG,4,20000001,5000000,Official
2013,2754,Paul Millsap,UTA,ATL,move,PF,2,19000000,9500000,Official
2013,6275,Gerald Henderson,CHA,CHA,re_sign,SG,3,18000000,6000000,Official
2013,6096,J.J Hickson,POR,DEN,move,PF,3,16145250,5381750,Official
2013,2633,Keith Bogans,BKN,BOS,move,SF,3,15629874,5209958,Official
2013,2203,Zaza Pachulia,ATL,MIL,move,C,3,15600000,5200000,Official
2013,6288,Chase Budinger,MIN,MIN,re_sign,SF,3,15000000,5000000,Official
2013,2705,Manu Ginobili,SAS,SAS,re_sign,SG,2,14500000,7250000,Official
2013,2573,Corey Brewer,DEN,MIN,move,SG,3,14107500,4702500,Official
2013,6145,Marreese Speights,CLE,GSW,move,PF,3,10972500,3657500,Official
2013,2313,Matt Barnes,LAC,LAC,re_sign,SF,3,10188750,3396250,Official
2013,2325,Brandan Wright,DAL,DAL,re_sign,PF,2,10000000,5000000,Official
2013,6496,Carlos Delfino,HOU,MIL,move,SG,3,9750000,3250000,Official
2013,2576,Randy Foye,UTA,DEN,move,SG,3,9135000,3045000,Official
2013,7118,Timofey Mozgov,DEN,DEN,re_sign,C,2,9050000,4525000,Official
2013,6317,Earl Clark,LAL,CLE,move,SF,2,9000000,4500000,Official
2013,2648,Samuel Dalembert,MIL,DAL,move,C,2,7568030,3784015,Official
2013,2406,Mike Dunleavy,MIL,CHI,move,SF,2,6509235,3254618,Official
2013,6291,Tyler Hansbrough,IND,TOR,move,PF,2,6509235,3254618,Agreed
2013,2751,Andrei Kirilenko,MIN,BKN,move,SF,2,6509235,3254618,Official
2013,6995,Gary Neal,SAS,MIL,move,PG,2,6500000,3250000,Official
2013,2558,Dorell Wright,PHI,POR,move,SF,2,6135000,3067500,Agreed
2013,11037,Chris Copeland,NYK,IND,move,SF,2,6135000,3067500,Official
2013,6106,Will Bynum,DET,DET,re_sign,PG,2,5706251,2853126,Official
2013,2314,Marco Belinelli,CHI,SAS,move,SG,2,5623750,2811875,Official
2013,2571,Mo Williams,UTA,POR,move,PG,2,5423340,2711670,Official
2013,6302,Wayne Ellington,CLE,DAL,move,SG,2,5423340,2711670,Official
2013,2678,Josh McRoberts,CHA,CHA,re_sign,PF,2,5423340,2711670,Official
2013,2305,Jason Maxiell,DET,ORL,move,PF,2,5000000,2500000,Official
2013,6294,DeMarre Carroll,UTA,ATL,move,SF,2,5000000,2500000,Official
2013,10998,Pablo Prigioni,NYK,NYK,re_sign,PG,3,4988883,1662961,Official
2013,2627,Quentin Richardson,NYK,TOR,move,PF,3,4347184,1449061,Official
2013,6328,Eric Maynor,POR,WAS,move,PG,2,4122720,2061360,Official
2013,2628,Nate Robinson,CHI,DEN,move,PG,2,4122720,2061360,Official
2013,2324,C.J. Watson,BKN,IND,move,PG,2,4093000,2046500,Official
2013,2465,Elton Brand,DAL,ATL,move,PF,1,4000000,4000000,Official
2013,6307,Darren Collison,DAL,LAC,move,PG,2,3885500,1942750,Official
2013,6890,Al-Farouq Aminu,NOP,NOP,re_sign,PF,1,3749602,3749602,Agreed
2013,6323,Jeff Ayres,IND,SAS,move,PF,2,3578750,1789375,Agreed
2013,2687,Metta World Peace,LAL,NYK,move,SF,2,3251550,1625775,Official
2013,7111,John Lucas III,TOR,UTA,move,PG,2,3200000,1600000,Official
2013,2475,Chris Kaman,DAL,LAL,move,C,1,3183000,3183000,Official
2013,8093,Darius Morris,LAL,PHI,move,PG,3,3060877,1020292,Official
2013,2525,Ronny Turiaf,LAC,MIN,move,C,2,3000000,1500000,Official
2013,6911,Daniel Orton,OKC,PHI,move,C,3,2997785,999262,Official
2013,8092,Jon Leuer,MEM,MEM,re_sign,PF,3,2902500,967500,Official
2013,6904,Elliot Williams,CLE,PHI,move,SG,3,2879231,959744,Official
2013,6102,Chris Andersen,MIA,MIA,re_sign,PF,2,2847997,1423999,Official
2013,2759,Andray Blatche,BKN,BKN,re_sign,C,2,2813110,1406555,Official
2013,10885,Robert Sacre,LAL,LAL,re_sign,C,3,2685463,895154,Official
2013,8643,Greg Stiemsma,MIN,NOP,move,C,1,2676000,2676000,Official
2013,11740,Diante Garrett,OKC,UTA,move,PG,3,2615857,871952,Official
2013,2689,Francisco Garcia,HOU,HOU,re_sign,SG,2,2582786,1291393,Official
2013,2756,Ronnie Price,POR,ORL,move,PG,2,2582786,1291393,Official
2013,2298,Chauncey Billups,LAC,DET,move,PG,1,2500000,2500000,Official
2013,2770,Nick Young,PHI,LAL,move,SG,2,2334927,1167464,Official
2013,13382,Brandon Davies,LAC,PHI,move,PF,3,2253938,751313,Official
2013,13365,Lorenzo Brown,MIN,PHI,move,PG,3,2190503,730168,Official
2013,6109,Anthony Morrow,DAL,NOP,move,SG,2,2173109,1086555,Official
2013,6484,Reggie Williams,CHA,HOU,move,SF,2,2011291,1005646,Official
2013,6314,B.J. Mullens,CHA,LAC,move,PF,2,2011291,1005646,Official
2013,6325,Omri Casspi,CLE,HOU,move,SF,2,2011291,1005646,Official
2013,6279,James Johnson,SAC,ATL,move,PF,2,2011291,1005646,Official
2013,6284,Austin Daye,MEM,TOR,move,PF,2,2011291,1005646,Official
2013,9261,Alan Anderson,TOR,BKN,move,SG,2,2011291,1005646,Official
2013,2413,Jermaine O'Neal,PHX,GSW,move,C,1,2000000,2000000,Official
2013,8644,Julyan Stone,DEN,TOR,move,PG,2,1832456,916228,Official
2013,8713,Lance Thomas,NOP,NOP,re_sign,SF,2,1832456,916228,Official
2013,10847,Fab Melo,MEM,DAL,move,C,2,1704115,852058,Official
2013,2409,Danny Granger,PHI,LAC,move,SF,2,1674261,837131,Official
2013,8719,Malcolm Thomas,CHI,SAS,move,PF,2,1650396,825198,Official
2013,6309,Toney Douglas,SAC,GSW,move,SG,1,1600000,1600000,Official
2013,2213,Glen Davis,ORL,LAC,move,PF,2,1566579,783290,Official
2013,2655,Shavlik Randolph,BOS,PHX,move,PF,2,1534022,767011,Official
2013,2607,Mike James,CHI,CHI,re_sign,PG,2,1506117,753059,Official
2013,8091,Jeremy Tyler,NYK,NYK,re_sign,PF,2,1504747,752374,Official
2013,10821,Kendall Marshall,WAS,LAL,move,PG,2,1462813,731407,Official
2013,2523,Lamar Odom,LAC,NYK,move,PF,2,1456722,728361,Official
2013,6342,DeJaun Blair,SAS,DAL,move,C,1,1400000,1400000,Official
2013,2727,Earl Watson,UTA,POR,move,PG,1,1399507,1399507,Agreed
2013,2478,Corey Maggette,DET,SAS,move,SF,1,1399507,1399507,Official
2013,2539,Mike Miller,MIA,MEM,move,SG,1,1399507,1399507,Official
2013,2591,DeSagana Diop,CHA,CLE,move,C,1,1399507,1399507,Official
2013,6104,Dahntay Jones,ATL,CHI,move,SF,1,1399507,1399507,Official
2013,6252,Marcus Camby,TOR,HOU,move,C,1,1399507,1399507,Official
2013,2233,Nazr Mohammed,CHI,CHI,re_sign,C,1,1399507,1399507,Official
2013,2319,Al Harrington,ORL,WAS,move,PF,1,1399507,1399507,Official
2013,2763,Antawn Jamison,LAL,LAC,move,PF,1,1399507,1399507,Official
2013,2607,Mike James,DAL,CHI,move,PG,1,1399507,1399507,Official
2013,2293,Kenyon Martin,NYK,NYK,re_sign,PF,1,1399507,1399507,Official
2013,2517,Derek Fisher,OKC,OKC,re_sign,PG,1,1399507,1399507,Official
2013,6280,Jannero Pargo,CHA,CHA,re_sign,PG,1,1399507,1399507,Official
2013,6898,Luke Babbitt,POR,NOP,move,SF,2,1369079,684540,Official
2013,2606,Melvin Ely,MEM,NOP,move,C,2,1346597,673299,Official
2013,2416,Jamaal Tinsley,UTA,UTA,re_sign,PG,1,1339507,1339507,Official
2013,2488,Josh Powell,NYK,HOU,move,PF,2,1324244,662122,Official
2013,11144,Chris Smith,NYK,NYK,re_sign,SG,2,1306662,653331,Official
2013,2697,Beno Udrih,ORL,NYK,move,PG,1,1272279,1272279,Official
2013,2562,Royal Ivey,PHI,ATL,move,PG,1,1272279,1272279,Official
2013,6143,Damien Wilkins,PHI,ATL,move,SG,1,1272279,1272279,Official
2013,2477,Shaun Livingston,CLE,BKN,move,PG,1,1272279,1272279,Official
2013,6088,D.J. Augustin,IND,TOR,move,PG,1,1267000,1267000,Official
2013,2592,Devin Harris,ATL,DAL,move,PG,1,1265977,1265977,Official
2013,2645,Louis Amundson,NOP,LAC,move,PF,1,1186459,1186459,Official
2013,2201,Solomon Jones,NYK,ORL,move,PF,1,1186459,1186459,Official
2013,2231,Ryan Hollins,LAC,LAC,re_sign,C,1,1186459,1186459,Official
2013,12241,Dwayne Jones,GSW,UTA,move,C,1,1106942,1106942,Official
2013,2645,Louis Amundson,LAC,NOP,move,PF,1,1081771,1081771,Official
2013,6968,Josh Childress,WAS,NOP,move,SF,1,1081771,1081771,Official
2013,2320,Stephen Jackson,SAS,LAC,move,SF,1,1053746,1053746,Official
2013,6127,Michael Beasley,PHX,MIA,move,SF,1,1027424,1027424,Official
2013,6091,Cartier Martin,WAS,ATL,move,PF,1,1027424,1027424,Official
2013,6483,Anthony Tolliver,ATL,CHA,move,PF,1,1027424,1027424,Official
2013,6142,D.J. White,BOS,CHI,move,PF,1,1027424,1027424,Official
2013,2679,Greg Oden,POR,MIA,move,C,1,1027424,1027424,Official
2013,2515,Andrew Bynum,CHI,IND,move,C,1,1000000,1000000,Official
2013,6296,Sam Young,IND,SAS,move,SF,1,947907,947907,Official
2013,6292,A.J. Price,WAS,MIN,move,PG,1,947907,947907,Official
2013,2390,Aaron Brooks,HOU,HOU,re_sign,PG,1,947907,947907,Official
2013,6904,Elliot Williams,POR,CLE,move,SG,1,916099,916099,Official
2013,6885,Wesley Johnson,PHX,LAL,move,SF,1,916099,916099,Official
2013,6925,Devin Ebanks,LAL,DAL,move,SF,1,916099,916099,Official
2013,6893,Cole Aldrich,SAC,NYK,move,C,1,916099,916099,Official
2013,6912,Lazar Hayward,MIN,NOP,move,PF,1,916099,916099,Official
2013,6914,Dexter Pittman,MEM,CHI,move,C,1,884293,884293,Official
2013,7114,Gary Forbes,HOU,BKN,move,SF,1,884293,884293,Official
2013,13572,Jorge Gutierrez,BKN,BKN,re_sign,PG,2,874150,437075,Official
2013,10842,Bernard James,DAL,DAL,re_sign,C,1,788872,788872,Official
2013,11422,DeQuan Jones,ORL,SAC,move,SF,1,788872,788872,Official
2013,11740,Diante Garrett,PHX,OKC,move,PG,1,788872,788872,Official
2013,11441,Justin Holiday,PHI,UTA,move,SG,1,788872,788872,Official
2013,10876,Kris Joseph,BOS,ORL,move,SF,1,788872,788872,Official
2013,11387,Scott Machado,GSW,UTA,move,PG,1,788872,788872,Official
2013,10880,Darius Johnson-Odom,LAL,LAL,re_sign,SG,1,788872,788872,Official
2013,6088,D.J. Augustin,TOR,CHI,move,PG,1,755459,755459,Official
2013,2644,Hedo Turkoglu,ORL,LAC,move,SF,1,749148,749148,Official
2013,2602,Hilton Armstrong,IND,GSW,move,C,1,735751,735751,Official
2013,6134,Chris Douglas-Roberts,NYK,CHA,move,SG,1,708142,708142,Official
2013,6279,James Johnson,ATL,MEM,move,PF,1,680263,680263,Official
2013,10870,Justin Hamilton,MIA,MIA,re_sign,C,1,490180,490180,Official
2013,13383,Troy Daniels,CHA,HOU,move,SG,1,490180,490180,Official
2013,13593,Adonis Thomas,ATL,BKN,move,SF,1,480190,480190,Official
2013,13536,Dewayne Dedmon,GSW,GSW,re_sign,C,1,432512,432512,Official
2013,2659,Leandro Barbosa,PHX,PHX,re_sign,SG,1,410936,410936,Official
2013,2760,Caron Butler,MIL,OKC,move,SF,1,386923,386923,Official
2013,13512,Seth Curry,GSW,MEM,move,SG,1,328709,328709,Official
2013,13383,Troy Daniels,HOU,HOU,re_sign,SG,2,158588,79294,Official
2013,11665,Willie Reed,MEM,SAC,move,C,1,102089,102089,Official
2013,2602,Hilton Armstrong,GSW,GSW,re_sign,C,1,48349,48349,Official
2013,6923,Jarvis Varnado,MIA,CHI,move,PF,10,46404,4640,Official
2013,6894,Xavier Henry,NOP,LAL,move,SG,0,0,,Official
2014,6891,Gordon Hayward,UTA,UTA,re_sign,SF,4,62965420,15741355,Official
2014,2639,Marcin Gortat,WAS,WAS,re_sign,C,5,60000000,12000000,Official
2014,2536,Kyle Lowry,TOR,TOR,re_sign,PG,4,48000000,12000000,Official
2014,8090,Chandler Parsons,HOU,DAL,move,SF,3,46084500,15361500,Official
2014,2257,LeBron James,MIA,CLE,move,PF,2,42217798,21108899,Official
2014,2513,Trevor Ariza,WAS,WAS,re_sign,SF,4,32000002,8000001,Official
2014,2674,Channing Frye,PHX,ORL,move,PF,4,32000000,8000000,Official
2014,6901,Avery Bradley,BOS,BOS,re_sign,PG,4,32000000,8000000,Official
2014,2556,Dwyane Wade,MIA,MIA,re_sign,SG,2,31125000,15562500,Official
2014,6089,Boris Diaw,SAS,SAS,re_sign,C,4,28000000,7000000,Official
2014,8111,Isaiah Thomas,SAC,SAC,re_sign,PG,4,27000002,6750001,Official
2014,2279,Dirk Nowitzki,DAL,DAL,re_sign,PF,3,25000000,8333333,Official
2014,2690,Spencer Hawes,CLE,LAC,move,PF,4,22652350,5663088,Official
2014,2518,Pau Gasol,LAL,CHI,move,C,3,22346280,7448760,Official
2014,2770,Nick Young,LAL,LAL,re_sign,SG,4,21326174,5331544,Official
2014,2240,Luol Deng,CLE,MIA,move,SF,2,19866073,9933037,Official
2014,6300,Jodie Meeks,LAL,DET,move,SG,3,18810000,6270000,Official
2014,6896,Patrick Patterson,TOR,TOR,re_sign,PF,3,18150001,6050000,Official
2014,6922,Lance Stephenson,IND,CHA,move,SG,2,18000000,9000000,Official
2014,2753,C.J. Miles,CLE,IND,move,SF,4,17955350,4488838,Official
2014,2477,Shaun Livingston,BKN,GSW,move,PG,3,16631175,5543725,Official
2014,2592,Devin Harris,DAL,DAL,re_sign,PG,4,16562884,4140721,Official
2014,2208,Marvin Williams,UTA,CHA,move,PF,2,14000000,7000000,Official
2014,2739,Kris Humphries,BOS,BOS,re_sign,PF,3,13320000,4440000,Official
2014,6910,Greivis Vasquez,TOR,TOR,re_sign,PG,2,13000000,6500000,Official
2014,6322,Patty Mills,SAS,SAS,re_sign,PG,3,13000000,4333333,Official
2014,2250,Thabo Sefolosha,OKC,ATL,move,SF,3,12000000,4000000,Official
2014,2590,Vince Carter,DAL,MEM,move,SG,3,12000000,4000000,Official
2014,2217,Paul Pierce,BKN,WAS,move,SF,2,10848725,5424363,Official
2014,6102,Chris Andersen,MIA,MIA,re_sign,PF,2,10375000,5187500,Official
2014,6109,Anthony Morrow,NOP,OKC,move,SG,3,10032000,3344000,Official
2014,10868,Mike Scott,ATL,ATL,re_sign,PF,3,10000000,3333333,Official
2014,2475,Chris Kaman,LAL,POR,move,C,2,9816000,4908000,Official
2014,6905,Trevor Booker,WAS,UTA,move,PF,2,9775000,4887500,Official
2014,6310,Jordan Hill,LAL,LAL,re_sign,C,1,9000000,9000000,Official
2014,2760,Caron Butler,OKC,DET,move,SF,2,9000000,4500000,Official
2014,6128,Mario Chalmers,MIA,MIA,re_sign,PG,2,8300000,4150000,Official
2014,8086,Shelvin Mack,ATL,ATL,re_sign,PG,3,7300000,2433333,Official
2014,6883,Evan Turner,IND,BOS,move,SF,2,6703510,3351755,Official
2014,6150,Jerryd Bayless,BOS,MIL,move,PG,2,6000000,3000000,Official
2014,6342,DeJaun Blair,DAL,DAL,re_sign,C,3,6000000,2000000,Official
2014,6088,D.J. Augustin,CHI,DET,move,PG,2,6000000,3000000,Official
2014,2245,Kirk Hinrich,CHI,CHI,re_sign,SG,2,5586940,2793470,Official
2014,2549,Udonis Haslem,MIA,MIA,re_sign,PF,2,5586940,2793470,Official
2014,2642,Jameer Nelson,ORL,DAL,move,PG,2,5586940,2793470,Official
2014,11160,Brian Roberts,NOP,CHA,move,PG,2,5586940,2793470,Official
2014,2539,Mike Miller,MEM,CLE,move,SG,2,5586940,2793470,Official
2014,6889,Greg Monroe,DET,DET,re_sign,C,1,5479933,5479933,Official
2014,6279,James Johnson,MEM,TOR,move,PF,2,5000000,2500000,Official
2014,2673,Steve Blake,GSW,POR,move,PG,2,4247465,2123733,Official
2014,2566,Ramon Sessions,MIL,SAC,move,PG,2,4247465,2123733,Official
2014,2516,Jordan Farmar,LAL,LAC,move,PG,2,4247465,2123733,Official
2014,2697,Beno Udrih,MEM,MEM,re_sign,PG,2,4247465,2123733,Official
2014,2409,Danny Granger,LAC,MIA,move,SF,2,4247465,2123733,Official
2014,11079,Kent Bazemore,LAL,ATL,move,SG,2,4000000,2000000,Official
2014,6899,Kevin Seraphin,WAS,WAS,re_sign,PF,1,3898691,3898691,Official
2014,13353,Grant Jerrett,OKC,OKC,re_sign,PF,4,3867199,966800,Official
2014,2571,Mo Williams,POR,MIN,move,PG,1,3750000,3750000,Official
2014,13361,Ryan Kelly,LAL,LAL,re_sign,PF,2,3374250,1687125,Official
2014,2656,Jason Smith,NOP,NYK,move,PF,1,3278000,3278000,Official
2014,2244,Aaron Gray,SAC,DET,move,C,2,2584131,1292066,Official
2014,6091,Cartier Martin,ATL,DET,move,PF,2,2416650,1208325,Official
2014,6114,Brandon Rush,UTA,GSW,move,SG,2,2416649,1208325,Official
2014,6895,Ed Davis,MEM,LAL,move,C,2,2081686,1040843,Official
2014,6492,Garrett Temple,WAS,WAS,re_sign,SG,2,2081686,1040843,Official
2014,6890,Al-Farouq Aminu,NOP,DAL,move,PF,2,2081686,1040843,Official
2014,11850,Aron Baynes,SAS,SAS,re_sign,C,1,2077000,2077000,Official
2014,2695,John Salmons,ATL,NOP,move,SF,1,2000000,2000000,Official
2014,2465,Elton Brand,ATL,ATL,re_sign,PF,1,2000000,2000000,Official
2014,13537,Toure Murry,NYK,UTA,move,SF,2,2000000,1000000,Official
2014,8107,E'Twaun Moore,ORL,CHI,move,SG,2,1963584,981792,Official
2014,10871,Darius Miller,NOP,NOP,re_sign,SF,2,1896591,948296,Official
2014,11740,Diante Garrett,TOR,POR,move,PG,2,1896591,948296,Official
2014,13383,Troy Daniels,HOU,HOU,re_sign,SG,2,1763758,881879,Official
2014,2676,James Jones,MIA,CLE,move,SG,1,1448490,1448490,Official
2014,2594,Richard Jefferson,UTA,DAL,move,SF,1,1448490,1448490,Official
2014,2552,Shawn Marion,DAL,CLE,move,SF,1,1448490,1448490,Official
2014,2641,Rashard Lewis,MIA,DAL,move,PF,1,1448490,1448490,Official
2014,2701,Matt Bonner,SAS,SAS,re_sign,C,1,1448490,1448490,Official
2014,2233,Nazr Mohammed,CHI,CHI,re_sign,C,1,1448490,1448490,Official
2014,6280,Jannero Pargo,CHA,CHA,re_sign,PG,1,1448490,1448490,Official
2014,2644,Hedo Turkoglu,LAC,LAC,re_sign,SF,1,1448490,1448490,Official
2014,2659,Leandro Barbosa,PHX,GSW,move,SG,1,1448490,1448490,Official
2014,2242,Drew Gooden,WAS,WAS,re_sign,PF,1,1448490,1448490,Official
2014,2689,Francisco Garcia,HOU,HOU,re_sign,SG,1,1316809,1316809,Official
2014,2756,Ronnie Price,ORL,LAL,move,PG,1,1316809,1316809,Official
2014,2231,Ryan Hollins,LAC,SAC,move,C,1,1310286,1310286,Official
2014,2238,Shannon Brown,NYK,MIA,move,PG,1,1310286,1310286,Official
2014,2310,Rodney Stuckey,DET,IND,move,PG,1,1227985,1227985,Official
2014,2213,Glen Davis,LAC,LAC,re_sign,PF,1,1227985,1227985,Official
2014,2390,Aaron Brooks,DEN,CHI,move,PG,1,1145685,1145685,Official
2014,6894,Xavier Henry,LAL,LAL,re_sign,SG,1,1082000,1082000,Official
2014,6295,Hasheem Thabeet,PHI,DET,move,C,1,1063384,1063384,Official
2014,6325,Omri Casspi,NOP,SAC,move,SF,1,1063384,1063384,Official
2014,6302,Wayne Ellington,SAC,LAL,move,SG,1,1063384,1063384,Official
2014,8222,Ekpe Udoh,MIL,LAC,move,C,1,981084,981084,Official
2014,7116,Ishmael Smith,PHX,HOU,move,PG,1,981084,981084,Official
2014,8174,Jeff Adrien,MIL,HOU,move,SF,1,981084,981084,Official
2014,6885,Wesley Johnson,LAL,LAL,re_sign,SF,1,981084,981084,Official
2014,6893,Cole Aldrich,NYK,NYK,re_sign,C,1,981084,981084,Official
2014,8077,Jordan Hamilton,HOU,TOR,move,SF,1,948163,948163,Official
2014,8061,Jimmer Fredette,CHI,NOP,move,PG,1,948163,948163,Official
2014,8102,LaVoy Allen,IND,IND,re_sign,PF,1,948163,948163,Official
2014,6134,Chris Douglas-Roberts,CHA,LAC,move,SG,1,948163,948163,Official
2014,10842,Bernard James,DAL,DAL,re_sign,C,1,915243,915243,Official
2014,10883,Robbie Hummel,MIN,MIN,re_sign,SF,1,880000,880000,Official
2014,13369,Peyton Siva,DET,ORL,move,PG,1,816482,816482,Official
2014,13593,Adonis Thomas,PHI,IND,move,SF,1,816482,816482,Official
2014,7111,John Lucas III,BOS,WAS,move,PG,0,0,,Official
2015,6122,Marc Gasol,MEM,MEM,re_sign,C,5,113211750,22642350,Official
2015,6132,Kevin Love,CLE,CLE,re_sign,PF/PF,5,113211750,22642350,Official
2015,8066,Kawhi Leonard,SAS,SAS,re_sign,SF,5,94343125,18868625,Official
2015,8081,Jimmy Butler,CHI,CHI,re_sign,SF,5,92339878,18467976,Official
2015,6117,DeAndre Jordan,LAC,LAC,re_sign,C,4,87616050,21904013,Official
2015,6146,Goran Dragic,MIA,MIA,re_sign,PG,5,85002250,17000450,Official
2015,2672,LaMarcus Aldridge,POR,SAS,move,PF,4,84072030,21018008,Official
2015,8054,Tristan Thompson,CLE,CLE,re_sign,C,5,82000000,16400000,Official
2015,10860,Draymond Green,GSW,GSW,re_sign,PF/SF,5,82000000,16400000,Official
2015,8075,Reggie Jackson,DET,DET,re_sign,PG,5,80000000,16000000,Official
2015,6489,Wesley Matthews,POR,DAL,move,SG,4,70060026,17515007,Official
2015,8053,Enes Freedom,OKC,OKC,re_sign,C,4,70060026,17515007,Official
2015,8058,Brandon Knight,PHX,PHX,re_sign,PG,5,70000000,14000000,Official
2015,10864,Khris Middleton,MIL,MIL,re_sign,SF,5,70000000,14000000,Official
2015,8070,Tobias Harris,ORL,ORL,re_sign,PF,4,64000000,16000000,Official
2015,6136,Brook Lopez,BKN,BKN,re_sign,C,3,63497025,21165675,Official
2015,2754,Paul Millsap,ATL,ATL,re_sign,PF,3,60216100,20072033,Official
2015,6294,DeMarre Carroll,ATL,TOR,move,SF,4,58000000,14500000,Official
2015,7110,Omer Asik,NOP,NOP,re_sign,C,5,57977525,11595505,Official
2015,6147,Robin Lopez,POR,NYK,move,C,4,54015500,13503875,Official
2015,2658,Thaddeus Young,BKN,BKN,re_sign,PF,4,54000000,13500000,Official
2015,2605,Tyson Chandler,DAL,PHX,move,C,4,52000000,13000000,Official
2015,6889,Greg Monroe,DET,MIL,move,C,3,51437513,17145838,Official
2015,2318,Monta Ellis,DAL,IND,move,SG,4,43981000,10995250,Official
2015,8068,Iman Shumpert,CLE,CLE,re_sign,SG,4,40000000,10000000,Official
2015,6277,Danny Green,SAS,SAS,re_sign,SG,4,40000000,10000000,Official
2015,10859,Jae Crowder,BOS,BOS,re_sign,SF,5,35000000,7000000,Official
2015,6254,Kosta Koufos,MEM,SAC,move,C,4,32879000,8219750,Official
2015,6890,Al-Farouq Aminu,DAL,POR,move,PF,4,30000000,7500000,Official
2015,8080,Cory Joseph,SAS,TOR,move,PG,4,29890000,7472500,Official
2015,2304,Amir Johnson,TOR,BOS,move,C,2,24000000,12000000,Official
2015,2573,Corey Brewer,HOU,HOU,re_sign,SG,3,23420913,7806971,Official
2015,6297,Patrick Beverley,HOU,HOU,re_sign,PG,4,23027026,5756757,Official
2015,2657,Louis Williams,TOR,LAL,move,SG,3,21000000,7000000,Official
2015,6895,Ed Davis,LAL,POR,move,C,3,20000000,6666667,Official
2015,11850,Aron Baynes,SAS,DET,move,C,3,19500000,6500000,Official
2015,6087,Alexis Ajinca,NOP,NOP,re_sign,C,4,19200000,4800000,Official
2015,8085,Kyle Singler,OKC,OKC,re_sign,SF,4,19000000,4750000,Official
2015,2314,Marco Belinelli,SAS,SAC,move,SG,3,19000000,6333333,Official
2015,2325,Brandan Wright,PHX,MEM,move,PF,3,17129640,5709880,Official
2015,2214,Kevin Garnett,MIN,MIN,re_sign,PF,2,16500000,8250000,Official
2015,10874,Kyle O'Quinn,ORL,NYK,move,C,4,16012500,4003125,Official
2015,2269,Jose Barea,DAL,DAL,re_sign,PG,4,16001700,4000425,Official
2015,2297,Arron Afflalo,POR,NYK,move,SG,2,16000000,8000000,Official
2015,2324,C.J. Watson,IND,ORL,move,PG,3,15000000,5000000,Official
2015,2406,Mike Dunleavy,CHI,CHI,re_sign,SF,3,14512500,4837500,Official
2015,2642,Jameer Nelson,DEN,DEN,re_sign,PG,3,13621575,4540525,Official
2015,2757,Deron Williams,BKN,DAL,move,PG,2,11000000,5500000,Official
2015,2703,Tim Duncan,SAS,SAS,re_sign,PF,2,10850000,5425000,Official
2015,10865,Will Barton,DEN,DEN,re_sign,SG,3,10599999,3533333,Official
2015,2217,Paul Pierce,WAS,LAC,move,SF,3,10583760,3527920,Official
2015,6285,Jonas Jerebko,BOS,BOS,re_sign,PF,2,10000000,5000000,Official
2015,2222,Rajon Rondo,DAL,SAC,move,PG,1,9500000,9500000,Official
2015,8052,Derrick Williams,SAC,NYK,move,PF,2,8998000,4499000,Official
2015,6321,Dante Cunningham,NOP,NOP,re_sign,PF,3,8934750,2978250,Official
2015,8102,LaVoy Allen,IND,IND,re_sign,PF,2,8050000,4025000,Official
2015,2242,Drew Gooden,WAS,WAS,re_sign,PF,2,6847000,3423500,Official
2015,15384,K.J. McDaniels,HOU,HOU,re_sign,SG,2,6523126,3261563,Official
2015,10818,Austin Rivers,LAC,LAC,re_sign,SG,2,6454902,3227451,Official
2015,2270,Brandon Bass,BOS,LAL,move,PF,2,6135000,3067500,Official
2015,6325,Omri Casspi,SAC,SAC,re_sign,SF,2,5800000,2900000,Official
2015,2705,Manu Ginobili,SAS,SAS,re_sign,SG,2,5754630,2877315,Official
2015,6121,Darrell Arthur,DEN,DEN,re_sign,PF,2,5754630,2877315,Official
2015,10905,Mirza Teletovic,BKN,PHX,move,PF,1,5464000,5464000,Official
2015,2543,Joel Anthony,DET,DET,re_sign,C,2,5000000,2500000,Official
2015,7115,Jeremy Lin,LAL,CHA,move,PG,2,4374255,2187128,Official
2015,2656,Jason Smith,NYK,ORL,move,PF,1,4300000,4300000,Official
2015,15852,Joe Ingles,UTA,UTA,re_sign,SF,2,4300000,2150000,Official
2015,2571,Mo Williams,CHA,CLE,move,PG,2,4294500,2147250,Official
2015,9261,Alan Anderson,BKN,WAS,move,SG,1,4000000,4000000,Official
2015,6310,Jordan Hill,LAL,IND,move,C,1,4000000,4000000,Official
2015,15392,Glenn Robinson III,PHI,IND,move,SF,3,3241000,1080333,Official
2015,10848,John Jenkins,ATL,DAL,move,SG,3,3211301,1070434,Official
2015,6302,Wayne Ellington,LAL,BKN,move,SG,2,3067500,1533750,Official
2015,2613,David West,IND,SAS,move,PF,2,3050846,1525423,Official
2015,2760,Caron Butler,MIL,SAC,move,SF,2,3050846,1525423,Official
2015,8079,Norris Cole,NOP,NOP,re_sign,PG,1,3036927,3036927,Official
2015,13331,Shane Larkin,NYK,BKN,move,PG,2,3000000,1500000,Official
2015,2730,Andrea Bargnani,NYK,BKN,move,C,2,2914556,1457278,Official
2015,2400,Luis Scola,IND,TOR,move,PF,1,2900000,2900000,Official
2015,6899,Kevin Seraphin,WAS,NYK,move,PF,1,2814000,2814000,Official
2015,6486,Alonzo Gee,POR,NOP,move,SF,2,2699400,1349700,Official
2015,13355,Pierre Jackson,PHI,PHI,re_sign,PG,4,2639382,659846,Official
2015,2659,Leandro Barbosa,GSW,GSW,re_sign,SG,1,2500000,2500000,Official
2015,6937,Jeremy Evans,UTA,DAL,move,SF,2,2327888,1163944,Official
2015,6898,Luke Babbitt,NOP,NOP,re_sign,SF,2,2327888,1163944,Official
2015,6885,Wesley Johnson,LAL,LAC,move,SF,2,2327888,1163944,Official
2015,2390,Aaron Brooks,CHI,CHI,re_sign,PG,1,2250000,2250000,Official
2015,6902,James Anderson,PHI,SAC,move,SG,2,2154544,1077272,Official
2015,6995,Gary Neal,MIN,WAS,move,PG,1,2139000,2139000,Official
2015,10862,Quincy Acy,NYK,SAC,move,PF,2,2032309,1016155,Official
2015,10813,Thomas Robinson,PHI,BKN,move,PF,2,2032309,1016155,Official
2015,13352,Jeff Withey,NOP,UTA,move,C,2,1962972,981486,Official
2015,11441,Justin Holiday,GSW,ATL,move,SG,2,1962972,981486,Official
2015,15591,Shayne Whittington,IND,IND,re_sign,PF,1,1825490,1825490,Official
2015,8713,Lance Thomas,NYK,NYK,re_sign,SF,1,1636842,1636842,Official
2015,2645,Louis Amundson,NYK,NYK,re_sign,PF,1,1635476,1635476,Official
2015,2307,Tayshaun Prince,DET,MIN,move,SF,1,1499187,1499187,Official
2015,2281,Jason Terry,HOU,HOU,re_sign,SG,1,1499187,1499187,Official
2015,2236,Jason Richardson,PHI,ATL,move,SG,1,1499187,1499187,Official
2015,2393,Chuck Hayes,TOR,LAC,move,PF,1,1499187,1499187,Official
2015,2676,James Jones,CLE,CLE,re_sign,SG,1,1499187,1499187,Official
2015,2701,Matt Bonner,SAS,SAS,re_sign,C,1,1499187,1499187,Official
2015,2594,Richard Jefferson,DAL,CLE,move,SF,1,1499187,1499187,Official
2015,2569,Charlie Villanueva,DAL,DAL,re_sign,PF,1,1499187,1499187,Official
2015,2756,Ronnie Price,LAL,PHX,move,PG,1,1499187,1499187,Official
2015,2205,Josh Smith,HOU,LAC,move,SF,1,1499187,1499187,Official
2015,6104,Dahntay Jones,LAC,BKN,move,SF,1,1499187,1499187,Official
2015,2669,Amar'e Stoudemire,DAL,MIA,move,PF,1,1499187,1499187,Official
2015,2216,Kendrick Perkins,CLE,NOP,move,C,1,1499187,1499187,Official
2015,15828,Ronald Roberts,PHI,TOR,move,SF,2,1399729,699865,Official
2015,6100,Gerald Green,PHX,MIA,move,SG,1,1356146,1356146,Official
2015,6308,Marcus Thornton,PHX,HOU,move,SG,1,1185784,1185784,Official
2015,6291,Tyler Hansbrough,TOR,CHA,move,PF,1,1185784,1185784,Official
2015,11037,Chris Copeland,IND,MIL,move,SF,1,1150000,1150000,Official
2015,13478,Matthew Dellavedova,CLE,CLE,re_sign,PG,1,1147276,1147276,Official
2015,7116,Ishmael Smith,PHI,WAS,move,PG,1,1100602,1100602,Official
2015,8678,Donald Sloan,IND,BKN,move,PG,1,1015421,1015421,Official
2015,8061,Jimmer Fredette,NOP,SAS,move,PG,1,1015421,1015421,Official
2015,10998,Pablo Prigioni,DEN,LAC,move,PG,1,981348,981348,Official
2015,13381,Phil Pressey,BOS,POR,move,PG,1,947276,947276,Official
2015,13442,Ian Clark,DEN,GSW,move,SG,1,947276,947276,Official
2015,13314,Anthony Bennett,MIN,TOR,move,PF,1,947276,947276,Official
2015,11665,Willie Reed,BKN,BKN,re_sign,C,1,947276,947276,Official
2015,15622,Eric Moreland,SAC,SAC,re_sign,PF,1,845059,845059,Official
2016,2532,Mike Conley,MEM,MEM,re_sign,PG,5,152605578,30521116,Official
2016,6327,DeMar DeRozan,TOR,TOR,re_sign,SF,5,139000000,27800000,Official
2016,10811,Bradley Beal,WAS,WAS,re_sign,SG,5,127171313,25434263,Official
2016,10817,Andre Drummond,DET,DET,re_sign,C,5,127171313,25434263,Official
2016,6149,Nicolas Batum,CHA,CHA,re_sign,SF,5,120000000,24000000,Official
2016,2199,Al Horford,ATL,BOS,move,C,4,113326228,28331557,Official
2016,2257,LeBron James,CLE,CLE,re_sign,PF,3,99857127,33285709,Official
2016,6915,Hassan Whiteside,MIA,MIA,re_sign,C,4,98419538,24604885,Official
2016,10815,Harrison Barnes,GSW,DAL,move,PF,4,94438525,23609631,Official
2016,8090,Chandler Parsons,DAL,MEM,move,SF,4,94438523,23609631,Official
2016,10845,Evan Fournier,ORL,ORL,re_sign,SG,5,85000000,17000000,Official
2016,6133,Ryan Anderson,NOP,HOU,move,PF,4,80000000,20000000,Official
2016,13344,Allen Crabbe,POR,POR,re_sign,SG,4,74832500,18708125,Official
2016,2248,Joakim Noah,CHI,NYK,move,C,4,72590000,18147500,Official
2016,2240,Luol Deng,MIA,LAL,move,SF,4,72000000,18000000,Official
2016,8057,Bismack Biyombo,TOR,ORL,move,C,4,72000000,18000000,Official
2016,2640,Dwight Howard,HOU,ATL,move,C,3,70500000,23500000,Official
2016,11079,Kent Bazemore,ATL,ATL,re_sign,SG,4,70000000,17500000,Official
2016,6883,Evan Turner,BOS,POR,move,SF,4,70000000,17500000,Official
2016,2708,Ian Mahinmi,IND,WAS,move,C,4,64000000,16000000,Official
2016,7118,Timofey Mozgov,CLE,LAL,move,C,4,64000000,16000000,Official
2016,2296,J.R. Smith,CLE,CLE,re_sign,SG,4,57000000,14250000,Official
2016,2208,Marvin Williams,CHA,CHA,re_sign,PF,4,54512500,13628125,Official
2016,2717,Kevin Durant,OKC,GSW,move,SF,2,54274505,27137253,Official
2016,6116,Eric Gordon,NOP,HOU,move,SG,4,52886489,13221622,Official
2016,10851,Miles Plumlee,MIL,MIL,re_sign,C,4,50000000,12500000,Official
2016,15398,Jordan Clarkson,LAL,LAL,re_sign,SG,4,50000000,12500000,Official
2016,15645,Tyler Johnson,MIA,MIA,re_sign,SG,4,50000000,12500000,Official
2016,6144,Courtney Lee,CHA,NYK,move,SG,4,48003340,12000835,Official
2016,13336,Solomon Hill,IND,NOP,move,SF,4,48000000,12000000,Official
2016,2556,Dwyane Wade,MIA,CHI,move,SG,2,47000000,23500000,Official
2016,10823,Maurice Harkless,POR,POR,re_sign,SF,4,42000000,10500000,Official
2016,2618,Jamal Crawford,LAC,LAC,re_sign,SG,3,42000000,14000000,Official
2016,8092,Jon Leuer,PHX,DET,move,PF,4,42000000,10500000,Official
2016,10819,Meyers Leonard,POR,POR,re_sign,C,4,41000000,10250000,Official
2016,13478,Matthew Dellavedova,CLE,MIL,move,PG,4,38430000,9607500,Official
2016,7115,Jeremy Lin,CHA,BKN,move,PG,3,38300000,12766667,Official
2016,10818,Austin Rivers,LAC,LAC,re_sign,SG,3,35475000,11825000,Official
2016,8107,E'Twaun Moore,CHI,NOP,move,SG,4,34000000,8500000,Official
2016,2518,Pau Gasol,CHI,SAS,move,C,2,31697500,15848750,Official
2016,2228,Jared Dudley,WAS,PHX,move,SF,3,30000000,10000000,Official
2016,2579,Al Jefferson,CHA,IND,move,C,3,30000000,10000000,Official
2016,6088,D.J. Augustin,DEN,ORL,move,PG,4,29000000,7250000,Official
2016,8713,Lance Thomas,NYK,NYK,re_sign,SF,4,27549950,6887488,Official
2016,2222,Rajon Rondo,SAC,CHI,move,PG,2,27397000,13698500,Official
2016,6150,Jerryd Bayless,MIL,PHI,move,PG,3,27000000,9000000,Official
2016,10844,Andrew Nicholson,ORL,WAS,move,PF,4,26000000,6500000,Official
2016,2279,Dirk Nowitzki,DAL,DAL,re_sign,PF,1,25000000,25000000,Official
2016,2297,Arron Afflalo,NYK,SAC,move,SG,2,25000000,12500000,Official
2016,6492,Garrett Temple,WAS,SAC,move,SG,3,24000000,8000000,Official
2016,2200,Joe Johnson,MIA,UTA,move,SG,2,21505000,10752500,Official
2016,17984,Boban Marjanovic,SAS,DET,move,C,3,21000000,7000000,Official
2016,6905,Trevor Booker,UTA,BKN,move,PF,2,18375000,9187500,Official
2016,10825,Tyler Zeller,BOS,BOS,re_sign,C,2,18000000,9000000,Official
2016,6275,Gerald Henderson,POR,PHI,move,SG,2,18000000,9000000,Official
2016,7116,Ishmael Smith,PHI,DET,move,PG,3,18000000,6000000,Official
2016,6885,Wesley Johnson,LAC,LAC,re_sign,SF,3,17643780,5881260,Official
2016,6483,Anthony Tolliver,DET,SAC,move,PF,2,16000000,8000000,Official
2016,2656,Jason Smith,ORL,WAS,move,PF,3,15675000,5225000,Official
2016,10855,Festus Ezeli,GSW,POR,move,C,2,15133000,7566500,Official
2016,2720,Jeff Green,LAC,ORL,move,PF,1,15000000,15000000,Official
2016,2705,Manu Ginobili,SAS,SAS,re_sign,SG,1,14000000,14000000,Official
2016,15767,Tarik Black,LAL,LAL,re_sign,PF,2,12846325,6423163,Official
2016,6302,Wayne Ellington,BKN,MIA,move,SG,2,12270000,6135000,Official
2016,2313,Matt Barnes,MEM,SAC,move,SF,2,12250000,6125000,Official
2016,13383,Troy Daniels,CHA,MEM,move,SG,3,10000009,3333336,Official
2016,2757,Deron Williams,DAL,DAL,re_sign,PG,1,10000000,10000000,Official
2016,10857,Tomas Satoransky,,WAS,from_outside,SG,3,9000000,3000000,Official
2016,2659,Leandro Barbosa,GSW,PHX,move,SG,2,8000000,4000000,Official
2016,6310,Jordan Hill,IND,MIN,move,C,2,8000000,4000000,Official
2016,6135,Yi Jianlian,,LAL,from_outside,PF,1,8000000,8000000,Official
2016,2594,Richard Jefferson,CLE,CLE,re_sign,SF,3,7612500,2537500,Official
2016,2566,Ramon Sessions,WAS,CHA,move,PG,1,6000000,6000000,Official
2016,10870,Justin Hamilton,MIN,BKN,move,C,2,6000000,3000000,Official
2016,10812,Dion Waiters,OKC,MIA,move,SG,2,5926410,2963205,Official
2016,13536,Dewayne Dedmon,ORL,SAS,move,C,2,5926410,2963205,Official
2016,13512,Seth Curry,SAC,DAL,move,SG,2,5926410,2963205,Official
2016,13363,James Ennis III,NOP,MEM,move,SF,2,5926410,2963205,Official
2016,10846,Jared Sullinger,BOS,TOR,move,PF,1,5628000,5628000,Official
2016,2400,Luis Scola,TOR,BKN,move,PF,1,5500000,5500000,Official
2016,6113,Roy Hibbert,LAL,CHA,move,C,1,5000000,5000000,Official
2016,6299,Brandon Jennings,ORL,NYK,move,PG,1,5000000,5000000,Official
2016,6910,Greivis Vasquez,MIL,BKN,move,PG,1,5000000,5000000,Official
2016,2756,Ronnie Price,PHX,OKC,move,PG,2,5000000,2500000,Official
2016,8052,Derrick Williams,NYK,MIA,move,PF,1,4598000,4598000,Official
2016,6130,Luc Richard Mbah a Moute,LAC,LAC,re_sign,PF,2,4505135,2252568,Official
2016,15755,Tim Frazier,NOP,NOP,re_sign,PG,2,4090000,2045000,Official
2016,6279,James Johnson,TOR,MIA,move,PF,1,4000000,4000000,Official
2016,2549,Udonis Haslem,MIA,MIA,re_sign,PF,1,4000000,4000000,Official
2016,2739,Kris Humphries,ATL,ATL,re_sign,PF,1,4000000,4000000,Official
2016,6114,Brandon Rush,GSW,MIN,move,SG,1,3500000,3500000,Official
2016,2623,David Lee,DAL,SAS,move,PF,2,3157626,1578813,Agreed
2016,13351,Nate Wolters,,DEN,from_outside,PG,3,3157492,1052497,Official
2016,18207,Marcelo Huertas,LAL,LAL,re_sign,PG,2,3067600,1533800,Official
2016,6103,Nene Hilario,WAS,HOU,move,C,1,2898000,2898000,Official
2016,2203,Zaza Pachulia,DAL,GSW,move,C,1,2898000,2898000,Official
2016,6145,Marreese Speights,GSW,LAC,move,PF,2,2863580,1431790,Official
2016,2390,Aaron Brooks,CHI,IND,move,PG,1,2700000,2700000,Agreed
2016,2576,Randy Foye,OKC,BKN,move,SG,1,2500000,2500000,Official
2016,15407,Semaj Christon,,OKC,from_outside,PG,3,2498982,832994,Official
2016,10862,Quincy Acy,SAC,DAL,move,PF,2,2229953,1114977,Official
2016,10998,Pablo Prigioni,LAC,HOU,move,PG,2,2229953,1114977,Official
2016,10850,Tony Wroten Jr.,MEM,MEM,re_sign,SG,2,2229953,1114977,Official
2016,13347,Isaiah Canaan,PHI,CHI,move,PG,2,2103441,1051721,Official
2016,11665,Willie Reed,BKN,MIA,move,C,2,2103441,1051721,Official
2016,13314,Anthony Bennett,,BKN,from_outside,PF,2,2103441,1051721,Official
2016,15390,Spencer Dinwiddie,CHI,CHI,re_sign,PG,2,2031676,1015838,Official
2016,15385,Joe Harris,,BKN,from_outside,SG,2,2031676,1015838,Official
2016,18218,Christian Wood,PHI,CHA,move,PF,2,1889382,944691,Official
2016,2229,Raymond Felton,DAL,LAC,move,PG,1,1551659,1551659,Official
2016,2675,Jarrett Jack,BKN,ATL,move,PG,1,1551659,1551659,Official
2016,6102,Chris Andersen,MEM,CLE,move,PF,1,1551659,1551659,Official
2016,2270,Brandon Bass,LAL,LAC,move,PF,1,1551659,1551659,Official
2016,2645,Louis Amundson,NYK,NYK,re_sign,PF,1,1551659,1551659,Official
2016,2613,David West,SAS,GSW,move,PF,1,1551659,1551659,Official
2016,2281,Jason Terry,HOU,MIL,move,SG,1,1551659,1551659,Official
2016,2687,Metta World Peace,LAL,LAL,re_sign,SF,1,1551659,1551659,Official
2016,2465,Elton Brand,PHI,PHI,re_sign,PF,1,1551659,1551659,Official
2016,2399,Steve Novak,MIL,MIL,re_sign,SF,1,1551659,1551659,Official
2016,2265,Anderson Varejao,GSW,GSW,re_sign,PF,1,1551659,1551659,Official
2016,14314,D.J. Stephens,,MEM,from_outside,SG,2,1448720,724360,Official
2016,2516,Jordan Farmar,MEM,SAC,move,PG,1,1410598,1410598,Official
2016,6100,Gerald Green,MIA,BOS,move,SG,1,1410598,1410598,Official
2016,2526,Sasha Vujacic,NYK,NYK,re_sign,SG,1,1410598,1410598,Official
2016,6486,Alonzo Gee,NOP,NOP,re_sign,SF,1,1400000,1400000,Official
2016,6283,Ty Lawson,IND,SAC,move,PG,1,1315448,1315448,Official
2016,9261,Alan Anderson,WAS,LAC,move,SG,1,1315448,1315448,Official
2016,6308,Marcus Thornton,WAS,WAS,re_sign,SG,1,1315448,1315448,Official
2016,6922,Lance Stephenson,MEM,NOP,move,SG,1,1227286,1227286,Agreed
2016,10843,Terrence Jones,HOU,NOP,move,PF,1,1050961,1050961,Official
2016,11160,Brian Roberts,POR,CHA,move,PG,1,1050961,1050961,Official
2016,10813,Thomas Robinson,BKN,LAL,move,PF,1,1050961,1050961,Official
2016,6904,Elliot Williams,,GSW,from_outside,SG,1,1050961,1050961,Official
2016,13442,Ian Clark,GSW,GSW,re_sign,SG,1,1015696,1015696,Official
2016,13349,Ray McCallum,,DET,from_outside,PG,1,1015696,1015696,Official
2016,8105,DeAndre Liggins,,CLE,from_outside,SG,1,1015696,1015696,Official
2016,8644,Julyan Stone,,IND,from_outside,PG,1,1015696,1015696,Official
2016,15386,Cleanthony Early,NYK,NYK,re_sign,SF,1,980431,980431,Official
2016,15783,James McAdoo,GSW,GSW,re_sign,SF,1,980431,980431,Official
2016,8647,Chris Wright,,OKC,from_outside,SF,1,980431,980431,Official
2016,18124,Treveon Graham,,CHA,from_outside,SF,1,543471,543471,Official
2016,17886,J.P. Tokoto,,NYK,from_outside,SG,1,543471,543471,Official
2016,20940,Chasson Randle,,NYK,from_outside,PG,1,543471,543471,Official
2016,15775,Brady Heslip,,TOR,from_outside,PG,1,543471,543471,Official
2016,6899,Kevin Seraphin,NYK,IND,move,PF,0,0,,Official
2017,6287,Stephen Curry,GSW,GSW,re_sign,PG,5,201158790,40231758,Official
2017,6501,Blake Griffin,LAC,LAC,re_sign,PF,5,171174820,34234964,Official
2017,6891,Gordon Hayward,UTA,BOS,move,SF,4,127829970,31957493,Official
2017,6316,Jrue Holiday,NOP,NOP,re_sign,PG,5,126000000,25200000,Official
2017,13316,Otto Porter Jr.,WAS,BKN,move,SF,4,106524975,26631244,Official
2017,2536,Kyle Lowry,TOR,TOR,re_sign,PG,3,100000000,33333333,Official
2017,13337,Tim Hardaway Jr.,ATL,NYK,move,SG,4,70950000,17737500,Official
2017,6313,Serge Ibaka,TOR,TOR,re_sign,C,3,65000000,21666667,Official
2017,6138,Danilo Gallinari,DEN,LAC,move,PF,3,64762737,21587579,Official
2017,2754,Paul Millsap,ATL,DEN,move,PF,2,61000000,30500000,Official
2017,6154,George Hill,UTA,SAC,move,PG,3,57000000,19000000,Official
2017,6272,Jeff Teague,IND,MIN,move,PG,3,57000000,19000000,Official
2017,15852,Joe Ingles,UTA,UTA,re_sign,SF,4,52000000,13000000,Official
2017,10812,Dion Waiters,MIA,MIA,re_sign,SG,4,52000000,13000000,Official
2017,2717,Kevin Durant,GSW,GSW,re_sign,SF,2,51250000,25625000,Official
2017,13326,Kelly Olynyk,BOS,MIA,move,PF,4,50000000,12500000,Official
2017,2518,Pau Gasol,SAS,SAS,re_sign,C,3,48800000,16266667,Official
2017,2652,Andre Iguodala,GSW,GSW,re_sign,SF/SG,3,48000000,16000000,Official
2017,6322,Patty Mills,SAS,SAS,re_sign,PG,4,48000000,12000000,Official
2017,13333,Tony Snell,MIL,MIL,re_sign,SG,4,46000000,11500000,Agreed
2017,6279,James Johnson,MIA,MIA,re_sign,PF,3,43295100,14431700,Official
2017,13335,Mason Plumlee,DEN,DEN,re_sign,C,3,41000000,13666667,Official
2017,11059,P.J. Tucker,TOR,HOU,move,PF,4,31878148,7969537,Official
2017,13339,Andre Roberson,OKC,OKC,re_sign,SG,3,30000000,10000000,Official
2017,6278,Taj Gibson,OKC,MIN,move,PF,2,28000000,14000000,Official
2017,2753,C.J. Miles,IND,TOR,move,SF,3,25000000,8333333,Official
2017,2626,Zach Randolph,MEM,SAC,move,PF,2,24000000,12000000,Official
2017,2477,Shaun Livingston,GSW,GSW,re_sign,PG,3,23692308,7897436,Official
2017,2643,J.J. Redick,LAC,PHI,move,SG,1,23000000,23000000,Official
2017,2752,Kyle Korver,CLE,CLE,re_sign,SG,3,22060000,7353333,Official
2017,8083,Bojan Bogdanovic,WAS,IND,move,SF,2,21000000,10500000,Official
2017,6307,Darren Collison,SAC,IND,move,PG,2,20000000,10000000,Official
2017,17983,Jonathon Simmons,SAS,ORL,move,SF,3,20000000,6666667,Agreed
2017,2534,Rudy Gay,SAC,SAS,move,PF,2,17232300,8616150,Official
2017,18820,Alan Williams,PHX,PHX,re_sign,PF,3,17000000,5666667,Official
2017,6896,Patrick Patterson,TOR,OKC,move,PF,3,16354800,5451600,Official
2017,11666,JaMychal Green,MEM,MEM,re_sign,PF,2,16200000,8100000,Official
2017,8074,Nikola Mirotic,CHI,CHI,re_sign,PF,1,12500000,12500000,Official
2017,8086,Shelvin Mack,UTA,ORL,move,PG,2,12000000,6000000,Official
2017,2304,Amir Johnson,BOS,PHI,move,C,1,11000000,11000000,Official
2017,6103,Nene Hilario,HOU,HOU,re_sign,C,3,10954440,3651480,Official
2017,13320,Ben McLemore,SAC,MEM,move,SF,2,10660000,5330000,Official
2017,2250,Thabo Sefolosha,ATL,UTA,move,SF,2,10500000,5250000,Official
2017,13357,Mike Muscala,ATL,ATL,re_sign,C/PF,2,10000000,5000000,Official
2017,11441,Justin Holiday,NYK,CHI,move,SG,2,9000000,4500000,Official
2017,20278,Ron Baker,NYK,NYK,re_sign,SG,2,8872400,4436200,Official
2017,2618,Jamal Crawford,ATL,MIN,move,SG,2,8872400,4436200,Official
2017,2590,Vince Carter,MEM,SAC,move,SG,1,8000000,8000000,Official
2017,6300,Jodie Meeks,ORL,WAS,move,SG,2,6744500,3372250,Official
2017,6341,Ersan Ilyasova,ATL,ATL,re_sign,PF,1,6000000,6000000,Official
2017,15622,Eric Moreland,,DET,from_outside,PF,3,5478899,1826300,Official
2017,2770,Nick Young,LAL,GSW,move,SG,1,5192000,5192000,Official
2017,13338,Reggie Bullock,DET,DET,re_sign,SF,2,5000000,2500000,Official
2017,2279,Dirk Nowitzki,DAL,DAL,re_sign,PF,1,5000000,5000000,Official
2017,20919,Troy Williams,HOU,HOU,re_sign,SF,3,4693068,1564356,Official
2017,11850,Aron Baynes,DET,BOS,move,C,1,4328000,4328000,Official
2017,13319,Nerlens Noel,DAL,DAL,re_sign,C,1,4187598,4187598,Official
2017,10825,Tyler Zeller,BOS,BKN,move,C,2,3643479,1821740,Official
2017,2203,Zaza Pachulia,GSW,GSW,re_sign,C,1,3477600,3477600,Official
2017,13327,Shabazz Muhammad,MIN,MIN,re_sign,SG,2,3372245,1686123,Official
2017,13352,Jeff Withey,UTA,DAL,move,C,2,3372245,1686123,Official
2017,2222,Rajon Rondo,CHI,NOP,move,PG,1,3300000,3300000,Official
2017,6326,Tyreke Evans,SAC,MEM,move,SG,1,3290000,3290000,Official
2017,6483,Anthony Tolliver,SAC,DET,move,PF,1,3290000,3290000,Official
2017,15767,Tarik Black,LAL,HOU,move,PF,1,3290000,3290000,Official
2017,15370,Tyler Ennis,LAL,LAL,re_sign,PG,2,3180397,1590199,Official
2017,13368,Joffrey Lauvergne,CHI,SAS,move,PF,2,3180397,1590199,Official
2017,20246,Diamond Stone,ATL,CHI,move,C,2,2857562,1428781,Official
2017,18264,Quinn Cook,NOP,ATL,move,PG,2,2857562,1428781,Official
2017,20921,Wayne Selden,MEM,MEM,re_sign,SG,2,2857562,1428781,Official
2017,13324,Michael Carter-Williams,CHI,CHA,move,PG,1,2700000,2700000,Official
2017,2715,Nick Collison,OKC,OKC,re_sign,PF,1,2328652,2328652,Official
2017,2210,Tony Allen,MEM,NOP,move,SG,1,2328652,2328652,Official
2017,2720,Jeff Green,ORL,CLE,move,PF,1,2328652,2328652,Official
2017,2297,Arron Afflalo,SAC,ORL,move,SG,1,2328652,2328652,Agreed
2017,2566,Ramon Sessions,CHA,NYK,move,PG,1,2328652,2328652,Official
2017,2613,David West,GSW,GSW,re_sign,PF,1,2328652,2328652,Agreed
2017,2549,Udonis Haslem,MIA,MIA,re_sign,PF,1,2328652,2328652,Official
2017,6100,Gerald Green,BOS,MIL,move,SG,1,2328652,2328652,Official
2017,2229,Raymond Felton,LAC,OKC,move,PG,1,2328652,2328652,Official
2017,2281,Jason Terry,MIL,MIL,re_sign,SG,1,2328652,2328652,Official
2017,2734,Jose Calderon,ATL,CLE,move,PG,1,2328652,2328652,Official
2017,2675,Jarrett Jack,,NYK,from_outside,PG,1,2328652,2328652,Official
2017,6321,Dante Cunningham,NOP,NOP,re_sign,PF,1,2300000,2300000,Official
2017,6109,Anthony Morrow,CHI,POR,move,SG,1,2116955,2116955,Official
2017,6127,Michael Beasley,MIL,NYK,move,SF,1,2116955,2116955,Official
2017,6130,Luc Richard Mbah a Moute,LAC,HOU,move,PF,1,2116955,2116955,Official
2017,6145,Marreese Speights,LAC,ORL,move,PF,1,2116955,2116955,Official
2017,2390,Aaron Brooks,IND,MIN,move,PG,1,2116955,2116955,Official
2017,6159,JaVale McGee,GSW,GSW,re_sign,C,1,2116955,2116955,Official
2017,6143,Damien Wilkins,,IND,from_outside,SG,1,2116955,2116955,Official
2017,6095,Derrick Rose,NYK,CLE,move,PG,1,2106470,2106470,Official
2017,6325,Omri Casspi,MIN,GSW,move,SF,1,2106470,2106470,Official
2017,6898,Luke Babbitt,MIA,ATL,move,SF,1,1974159,1974159,Official
2017,10868,Mike Scott,PHX,WAS,move,PF,1,1709538,1709538,Official
2017,8678,Donald Sloan,,WAS,from_outside,PG,1,1709538,1709538,Official
2017,13442,Ian Clark,GSW,NOP,move,SG,1,1577230,1577230,Official
2017,11665,Willie Reed,MIA,LAC,move,C,1,1577230,1577230,Official
2017,15384,K.J. McDaniels,BKN,TOR,move,SG,1,1524305,1524305,Official
2017,15567,Damjan Rudez,ORL,ORL,re_sign,SF,1,1524305,1524305,Official
2017,6131,Bobby Brown,HOU,HOU,re_sign,PG,1,1524305,1524305,Official
2017,13331,Shane Larkin,,BOS,from_outside,PG,1,1524305,1524305,Official
2017,17861,Jordan Mickey,BOS,MIA,move,PF,1,1471382,1471382,Official
2017,18287,Briante Weber,CHA,LAL,move,PG,1,1471382,1471382,Official
2017,13573,Vander Blue,,LAL,from_outside,SG,1,1471382,1471382,Official
2017,20282,Marshall Plumlee,NYK,LAC,move,PF,1,1312611,1312611,Official
2017,20247,Stephen Zimmerman,ORL,LAL,move,C,1,1312611,1312611,Official
2017,20256,Georges Niang,IND,GSW,move,PF,1,1312611,1312611,Official
2017,20255,Michael Gbinije,DET,GSW,move,SG,1,1312611,1312611,Official
2017,20982,Marcus Georges-Hunt,ORL,MIN,move,SG,1,1312611,1312611,Official
2017,20896,Jarrod Uthoff,HOU,IND,move,SF,1,1312611,1312611,Official
2017,6128,Mario Chalmers,,MEM,from_outside,PG,1,0,0,Official
2018,2609,Chris Paul,HOU,HOU,re_sign,PG,4,159730592,39932648,Official
2018,2257,LeBron James,CLE,LAL,move,PF,4,153312846,38328212,Official
2018,15393,Nikola Jokic,DEN,DEN,re_sign,C,5,147710050,29542010,Official
2018,6892,Paul George,OKC,OKC,re_sign,SG,4,136911936,34227984,Official
2018,15356,Aaron Gordon,ORL,ORL,re_sign,PF,4,80000000,20000000,Official
2018,15365,Zach LaVine,CHI,CHI,re_sign,SG,4,78000000,19500000,Official
2018,2717,Kevin Durant,GSW,GSW,re_sign,SF,2,61500000,30750000,Official
2018,10865,Will Barton,DEN,DEN,re_sign,SG,4,53000000,13250000,Official
2018,15358,Marcus Smart,BOS,BOS,re_sign,PG,4,51999900,12999975,Official
2018,15368,Jusuf Nurkic,POR,POR,re_sign,C,4,48000000,12000000,Official
2018,6884,Derrick Favors,UTA,UTA,re_sign,C/PF,2,37600000,18800000,Official
2018,15382,Kyle Anderson,SAS,MEM,move,PF,4,37156300,9289075,Official
2018,15357,Dante Exum,UTA,UTA,re_sign,PG,3,33000000,11000000,Official
2018,15391,Jerami Grant,OKC,OKC,re_sign,PF,3,27346153,9115384,Official
2018,6901,Avery Bradley,LAC,LAC,re_sign,PG,2,24960000,12480000,Official
2018,6117,DeAndre Jordan,LAC,DAL,move,C,1,22897200,22897200,Official
2018,15363,Doug McDermott,DAL,IND,move,SF,3,22000000,7333333,Official
2018,6341,Ersan Ilyasova,PHI,MIL,move,PF,3,21000000,7000000,Official
2018,6917,Nemanja Bjelica,MIN,SAC,move,PF,3,20475000,6825000,Official
2018,15354,Jabari Parker,MIL,CHI,move,PF,1,20000000,20000000,Official
2018,20778,Fred VanVleet,TOR,TOR,re_sign,PG,2,18000000,9000000,Official
2018,15359,Julius Randle,LAL,NOP,move,PF,2,17714050,8857025,Official
2018,15385,Joe Harris,BKN,BKN,re_sign,SG,2,16000000,8000000,Official
2018,2513,Trevor Ariza,HOU,PHX,move,SF,1,15000000,15000000,Official
2018,8094,Davis Bertans,SAS,SAS,re_sign,PF,2,14500000,7250000,Official
2018,6326,Tyreke Evans,MEM,IND,move,SG,1,12400000,12400000,Official
2018,2643,J.J. Redick,PHI,PHI,re_sign,SG,1,12250000,12250000,Official
2018,17860,Montrezl Harrell,LAC,LAC,re_sign,C,2,12000000,6000000,Official
2018,13321,Kentavious Caldwell-Pope,LAL,LAL,re_sign,SG,1,12000000,12000000,Official
2018,2314,Marco Belinelli,PHI,SAS,move,SG,2,12000000,6000000,Official
2018,2640,Dwight Howard,BKN,WAS,move,C,2,10940850,5470425,Official
2018,11850,Aron Baynes,BOS,BOS,re_sign,C,2,10646880,5323440,Official
2018,2534,Rudy Gay,SAS,SAS,re_sign,PF,1,10087200,10087200,Official
2018,2710,Tony Parker,SAS,CHA,move,PG,2,10000000,5000000,Official
2018,2222,Rajon Rondo,NOP,LAL,move,PG,1,9000000,9000000,Official
2018,13318,Alex Len,PHX,ATL,move,C,2,8510000,4255000,Official
2018,6302,Wayne Ellington,MIA,MIA,re_sign,SG,1,6270000,6270000,Official
2018,20283,Yogi Ferrell,DAL,SAC,move,PG,2,6150000,3075000,Agreed
2018,20244,Patrick McCaw,GSW,CLE,move,SG,2,6000000,3000000,Official
2018,20796,Bryn Forbes,SAS,SAS,re_sign,SG,2,6000000,3000000,Official
2018,24479,Isaiah Briscoe,,ORL,from_outside,PG,4,5999003,1499751,Official
2018,6483,Anthony Tolliver,DET,MIN,move,PF,1,5750000,5750000,Official
2018,6886,DeMarcus Cousins,NOP,GSW,move,C,1,5337000,5337000,Official
2018,2279,Dirk Nowitzki,DAL,DAL,re_sign,PF,1,5000000,5000000,Official
2018,20256,Georges Niang,UTA,UTA,re_sign,PF,3,4941515,1647172,Official
2018,23652,Monte Morris,DEN,DEN,re_sign,PG,3,4661321,1553774,Official
2018,6895,Ed Davis,POR,BKN,move,C,1,4449000,4449000,Official
2018,10874,Kyle O'Quinn,NYK,IND,move,C,1,4449000,4449000,Official
2018,6922,Lance Stephenson,IND,LAL,move,SG,1,4449000,4449000,Official
2018,13360,Raul Neto,UTA,UTA,re_sign,PG,2,4400000,2200000,Official
2018,6130,Luc Richard Mbah a Moute,HOU,LAC,move,PF,1,4320500,4320500,Official
2018,10868,Mike Scott,WAS,LAC,move,PF,1,4320500,4320500,Official
2018,15392,Glenn Robinson III,IND,DET,move,SF,1,4075000,4075000,Official
2018,24230,Torrey Craig,DEN,DEN,re_sign,SF,2,4000000,2000000,Official
2018,15376,Shabazz Napier,POR,BKN,move,PG,2,3787723,1893862,Official
2018,13319,Nerlens Noel,DAL,OKC,move,C,2,3745548,1872774,Official
2018,6127,Michael Beasley,NYK,LAL,move,SF,1,3500000,3500000,Official
2018,15375,Rodney Hood,CLE,CLE,re_sign,SF,1,3472887,3472887,Official
2018,13363,James Ennis III,DET,HOU,move,SF,2,3466716,1733358,Official
2018,6136,Brook Lopez,LAL,MIL,move,C,1,3382000,3382000,Official
2018,17869,Pat Connaughton,POR,MIL,move,SG,2,3364050,1682025,Official
2018,18124,Treveon Graham,CHA,BKN,move,SF,2,3157958,1578979,Official
2018,21067,Derrick Jones Jr.,MIA,MIA,re_sign,SF/PF,2,3157958,1578979,Official
2018,15362,Elfrid Payton,PHX,NOP,move,PG,1,3000000,3000000,Official
2018,20266,Tyrone Wallace,LAC,LAC,re_sign,SG,2,2937614,1468807,Official
2018,23657,Jabari Bird,BOS,BOS,re_sign,SG,2,2937614,1468807,Official
2018,13512,Seth Curry,DAL,POR,move,SG,1,2795000,2795000,Official
2018,6321,Dante Cunningham,BKN,SAS,move,PF,1,2487000,2487000,Official
2018,2674,Channing Frye,LAL,CLE,move,PF,1,2393887,2393887,Official
2018,2592,Devin Harris,DEN,DAL,move,PG,1,2393887,2393887,Official
2018,2240,Luol Deng,LAL,MIN,move,SF,1,2393887,2393887,Official
2018,2304,Amir Johnson,PHI,PHI,re_sign,C,1,2393887,2393887,Official
2018,2734,Jose Calderon,CLE,DET,move,PG,1,2393887,2393887,Official
2018,2590,Vince Carter,SAC,ATL,move,SG,1,2393887,2393887,Official
2018,2229,Raymond Felton,OKC,OKC,re_sign,PG,1,2393887,2393887,Official
2018,2203,Zaza Pachulia,GSW,DET,move,C,1,2393887,2393887,Official
2018,2720,Jeff Green,CLE,WAS,move,PF,1,2393887,2393887,Official
2018,2618,Jamal Crawford,MIN,PHX,move,SG,1,2393887,2393887,Official
2018,2549,Udonis Haslem,MIA,MIA,re_sign,PF,1,2393887,2393887,Official
2018,6159,JaVale McGee,GSW,LAL,move,C,1,2393887,2393887,Official
2018,2675,Jarrett Jack,NYK,NOP,move,PG,1,2393887,2393887,Official
2018,2556,Dwyane Wade,MIA,MIA,re_sign,SG,1,2393887,2393887,Agreed
2018,6100,Gerald Green,HOU,HOU,re_sign,SG,1,2393887,2393887,Official
2018,6095,Derrick Rose,MIN,MIN,re_sign,PG,1,2393887,2393887,Official
2018,6285,Jonas Jerebko,UTA,GSW,move,PF,1,2176260,2176260,Official
2018,6325,Omri Casspi,GSW,MEM,move,SF,1,2176260,2176260,Official
2018,6889,Greg Monroe,BOS,TOR,move,C,1,2165481,2165481,Official
2018,8111,Isaiah Thomas,LAL,DEN,move,PG,1,2029463,2029463,Official
2018,8086,Shelvin Mack,ORL,MEM,move,PG,1,2029463,2029463,Official
2018,13324,Michael Carter-Williams,CHA,HOU,move,PG,1,1757429,1757429,Official
2018,13327,Shabazz Muhammad,MIL,MIL,re_sign,SG,1,1757429,1757429,Official
2018,2770,Nick Young,GSW,DEN,move,SG,1,1650024,1650024,Official
2018,15360,Nik Stauskas,BKN,POR,move,SG,1,1621415,1621415,Official
2018,15372,Bruno Caboclo,SAC,HOU,move,SF,1,1621415,1621415,Official
2018,15361,Noah Vonleh,CHI,NYK,move,PF,1,1621415,1621415,Official
2018,13365,Lorenzo Brown,TOR,TOR,re_sign,PG,1,1621415,1621415,Official
2018,23670,Luke Kornet,NYK,NYK,re_sign,C,1,1619260,1619260,Official
2018,17831,Jahlil Okafor,BKN,NOP,move,C,1,1567007,1567007,Official
2018,17858,Kevon Looney,GSW,GSW,re_sign,C,1,1567007,1567007,Agreed
2018,18067,Salah Mejri,DAL,DAL,re_sign,C,1,1567007,1567007,Official
2018,20919,Troy Williams,NYK,NOP,move,SF,1,1512601,1512601,Official
2018,20260,Kay Felder,DET,TOR,move,PG,1,1512601,1512601,Official
2018,20275,Ryan Arcidiacono,CHI,CHI,re_sign,PG,1,1349383,1349383,Official
2018,20895,Kyle Collinsworth,DAL,TOR,move,PG,1,1349383,1349383,Official
2018,18099,Malcolm Miller,TOR,TOR,re_sign,SF,1,1349383,1349383,Official
2019,8062,Klay Thompson,GSW,GSW,re_sign,SG,5,189903600,37980720,Official
2019,8070,Tobias Harris,PHI,PHI,re_sign,PF,5,180000000,36000000,Official
2019,10864,Khris Middleton,MIL,MIL,re_sign,SF,5,177500000,35500000,Official
2019,2717,Kevin Durant,GSW,BKN,move,SF,4,164255700,41063925,Official
2019,17832,Kristaps Porzingis,DAL,DAL,re_sign,PF,5,158253000,31650600,Official
2019,8059,Kemba Walker,CHA,BOS,move,PG,4,140790600,35197650,Official
2019,8081,Jimmy Butler,PHI,MIA,move,SF,4,140790600,35197650,Official
2019,8051,Kyrie Irving,BOS,BKN,move,PG,4,136490600,34122650,Official
2019,17830,D'Angelo Russell,BKN,GSW,move,PG,4,117325500,29331375,Official
2019,2199,Al Horford,BOS,PHI,move,C,4,109000000,27250000,Official
2019,8066,Kawhi Leonard,TOR,LAC,move,SF,3,103137300,34379100,Official
2019,8067,Nikola Vucevic,ORL,ORL,re_sign,C,4,100000000,25000000,Official
2019,10815,Harrison Barnes,SAC,SAC,re_sign,PF,4,85000000,21250000,Official
2019,20242,Malcolm Brogdon,MIL,IND,move,PG,4,85000000,21250000,Official
2019,8083,Bojan Bogdanovic,IND,UTA,move,SF,4,73100000,18275000,Official
2019,15359,Julius Randle,NOP,NYK,move,PF,3,62100000,20700000,Official
2019,17844,Terry Rozier,BOS,CHA,move,PG,3,56700000,18900000,Official
2019,10816,Terrence Ross,ORL,ORL,re_sign,SG,4,54000000,13500000,Official
2019,6136,Brook Lopez,MIL,MIL,re_sign,C,4,52000000,13000000,Official
2019,6305,Ricky Rubio,UTA,PHX,move,PG,3,51000000,17000000,Official
2019,8055,Jonas Valanciunas,MEM,MEM,re_sign,C,3,45000000,15000000,Official
2019,2658,Thaddeus Young,IND,CHI,move,PF,3,43635000,14545000,Official
2019,6297,Patrick Beverley,LAC,LAC,re_sign,PG,3,40000000,13333333,Official
2019,13536,Dewayne Dedmon,ATL,SAC,move,C,3,40000000,13333333,Official
2019,6117,DeAndre Jordan,NYK,BKN,move,C,4,39960716,9990179,Official
2019,8080,Cory Joseph,IND,SAC,move,PG,3,37200000,12400000,Official
2019,24212,Maxi Kleber,DAL,DAL,re_sign,PF,4,35600000,8900000,Official
2019,2534,Rudy Gay,SAS,SAS,re_sign,PF,2,32000000,16000000,Official
2019,13512,Seth Curry,POR,DAL,move,SG,4,32000000,8000000,Official
2019,10820,Jeremy Lamb,CHA,IND,move,SG,3,31500000,10500000,Official
2019,17843,Kelly Oubre Jr.,PHX,PHX,re_sign,SF,2,30000000,15000000,Official
2019,10857,Tomas Satoransky,WAS,CHI,move,SG,3,30000000,10000000,Official
2019,6890,Al-Farouq Aminu,POR,ORL,move,PF,3,29162700,9720900,Official
2019,6154,George Hill,MIL,MIL,re_sign,PG,3,28771806,9590602,Official
2019,17848,Delon Wright,MEM,DAL,move,PG,2,28050000,14025000,Official
2019,2643,J.J. Redick,PHI,NOP,move,SG,2,26500000,13250000,Official
2019,17852,Tyus Jones,MIN,MEM,move,PG,3,26445300,8815100,Official
2019,2513,Trevor Ariza,WAS,SAC,move,SF,2,25000000,12500000,Official
2019,20238,Ivica Zubac,LAC,LAC,re_sign,C,3,21000000,7000000,Official
2019,6294,DeMarre Carroll,BKN,SAS,move,SF,3,20650000,6883333,Official
2019,6278,Taj Gibson,MIN,NYK,move,PF,2,20000000,10000000,Official
2019,6103,Nene Hilario,HOU,HOU,re_sign,C,2,20000000,10000000,Official
2019,13321,Kentavious Caldwell-Pope,LAL,LAL,re_sign,SG,2,16583028,8291514,Official
2019,15362,Elfrid Payton,NOP,NYK,move,PG,2,16000000,8000000,Official
2019,6302,Wayne Ellington,DET,NYK,move,SG,2,16000000,8000000,Official
2019,8065,Marcus Morris Sr.,BOS,NYK,move,SF,1,15000000,15000000,Official
2019,17850,Bobby Portis,WAS,NYK,move,PF,1,15000000,15000000,Official
2019,6095,Derrick Rose,MIN,DET,move,PG,2,15000000,7500000,Official
2019,13575,Rodney McGruder,LAC,LAC,re_sign,SG,3,15000000,5000000,Official
2019,17858,Kevon Looney,GSW,GSW,re_sign,C,3,14464287,4821429,Official
2019,10871,Darius Miller,NOP,NOP,re_sign,SF,2,14250000,7125000,Official
2019,15354,Jabari Parker,WAS,ATL,move,PF,2,13000000,6500000,Official
2019,7116,Ishmael Smith,DET,WAS,move,PG,2,12000000,6000000,Agreed
2019,20757,Dorian Finney-Smith,DAL,DAL,re_sign,PF,3,12000000,4000000,Official
2019,15375,Rodney Hood,POR,POR,re_sign,SF,2,11721900,5860950,Official
2019,20253,Jake Layman,POR,MIN,move,SF,3,11283255,3761085,Official
2019,20800,Danuel House Jr.,HOU,HOU,re_sign,SF,3,11151000,3717000,Official
2019,17840,Trey Lyles,DEN,SAS,move,PF,2,11000000,5500000,Official
2019,23828,Daniel Theis,BOS,BOS,re_sign,C,2,10000000,5000000,Official
2019,10868,Mike Scott,PHI,PHI,re_sign,PF,2,9800000,4900000,Official
2019,6147,Robin Lopez,CHI,MIL,move,C,2,9772350,4886175,Official
2019,17865,Richaun Holmes,PHX,SAC,move,C,2,9772350,4886175,Official
2019,11666,JaMychal Green,LAC,LAC,re_sign,PF,2,9772350,4886175,Official
2019,6895,Ed Davis,BKN,UTA,move,C,2,9772350,4886175,Official
2019,6901,Avery Bradley,MEM,LAL,move,PG,2,9772350,4886175,Official
2019,13338,Reggie Bullock,LAL,NYK,move,SF,2,8200000,4100000,Official
2019,6159,JaVale McGee,LAL,LAL,re_sign,C,2,8200000,4100000,Official
2019,20244,Patrick McCaw,TOR,TOR,re_sign,SG,2,8000000,4000000,Official
2019,17836,Stanley Johnson,NOP,TOR,move,SF,2,7427150,3713575,Official
2019,18252,T.J. McConnell,PHI,IND,move,PG,2,7000000,3500000,Official
2019,17984,Boban Marjanovic,PHI,DAL,move,C,2,7000000,3500000,Official
2019,8064,Markieff Morris,OKC,DET,move,PF,2,6560000,3280000,Official
2019,15786,Khem Birch,ORL,ORL,re_sign,C,2,6000000,3000000,Official
2019,18264,Quinn Cook,GSW,LAL,move,PG,2,6000000,3000000,Official
2019,20275,Ryan Arcidiacono,CHI,CHI,re_sign,PG,2,6000000,3000000,Official
2019,21076,Alex Caruso,LAL,LAL,re_sign,SG,2,5500000,2750000,Official
2019,6489,Wesley Matthews,IND,MIL,move,SG,2,5257744,2628872,Official
2019,2222,Rajon Rondo,LAL,LAL,re_sign,PG,2,5184358,2592179,Official
2019,31917,Vincent Poirier,,BOS,from_outside,C,2,5125000,2562500,Official
2019,17837,Frank Kaminsky,CHA,PHX,move,C/PF,1,4767000,4767000,Official
2019,6492,Garrett Temple,LAC,BKN,move,SG,1,4767000,4767000,Official
2019,11441,Justin Holiday,MEM,IND,move,SG,1,4767000,4767000,Official
2019,10818,Austin Rivers,HOU,HOU,re_sign,SG,2,4543981,2271991,Official
2019,23670,Luke Kornet,NYK,CHI,move,C,2,4500000,2250000,Official
2019,17834,Willie Cauley-Stein,SAC,GSW,move,C,2,4463840,2231920,Official
2019,13357,Mike Muscala,LAL,OKC,move,C/PF,2,4311628,2155814,Official
2019,31891,Matt Thomas,,TOR,from_outside,SG,3,4198912,1399637,Official
2019,23653,Edmond Sumner,IND,IND,re_sign,SG,2,4160000,2080000,Official
2019,13363,James Ennis III,PHI,PHI,re_sign,SF,2,4012890,2006445,Official
2019,20209,Dragan Bender,PHX,MIL,move,PF,2,3502857,1751429,Official
2019,6886,DeMarcus Cousins,GSW,LAL,move,C,1,3500000,3500000,Official
2019,23619,Tyler Lydon,DEN,SAC,move,PF,2,3383360,1691680,Official
2019,20231,Furkan Korkmaz,PHI,PHI,re_sign,SG,2,3383360,1691680,Official
2019,20273,Isaiah Taylor,CLE,TOR,move,PG,2,3383360,1691680,Official
2019,2616,Wilson Chandler,LAC,BKN,move,SF,1,2564753,2564753,Official
2019,2269,Jose Barea,DAL,DAL,re_sign,PG,1,2564753,2564753,Official
2019,2228,Jared Dudley,BKN,LAL,move,SF,1,2564753,2564753,Official
2019,6133,Ryan Anderson,MIA,HOU,move,PF,1,2564753,2564753,Official
2019,2752,Kyle Korver,PHX,MIL,move,SG,1,2564753,2564753,Official
2019,2250,Thabo Sefolosha,UTA,HOU,move,SF,1,2564753,2564753,Official
2019,6483,Anthony Tolliver,MIN,POR,move,PF,1,2564753,2564753,Official
2019,2720,Jeff Green,WAS,UTA,move,PF,1,2564753,2564753,Official
2019,2640,Dwight Howard,MEM,LAL,move,C,1,2564753,2564753,Official
2019,2590,Vince Carter,ATL,ATL,re_sign,SG,1,2564753,2564753,Official
2019,2549,Udonis Haslem,MIA,MIA,re_sign,PF,1,2564753,2564753,Official
2019,2605,Tyson Chandler,LAL,HOU,move,C,1,2564753,2564753,Official
2019,2518,Pau Gasol,MIL,POR,move,C,1,2564753,2564753,Official
2019,2200,Joe Johnson,,DET,from_outside,SG,1,2564753,2564753,Official
2019,17851,Rondae Hollis-Jefferson,BKN,TOR,move,SF,1,2500000,2500000,Official
2019,6896,Patrick Patterson,OKC,LAC,move,PF,1,2331593,2331593,Official
2019,8063,Alec Burks,SAC,GSW,move,SG,1,2320044,2320044,Official
2019,8111,Isaiah Thomas,DEN,WAS,move,PG,1,2320044,2320044,Official
2019,8068,Iman Shumpert,HOU,BKN,move,SG,1,2031677,2031677,Official
2019,13383,Troy Daniels,PHX,LAL,move,SG,1,2028594,2028594,Official
2019,13322,Trey Burke,DAL,PHI,move,PG,1,2028594,2028594,Official
2019,13324,Michael Carter-Williams,ORL,ORL,re_sign,PG,1,2028594,2028594,Official
2019,10874,Kyle O'Quinn,IND,PHI,move,C,1,2028594,2028594,Official
2019,15392,Glenn Robinson III,DET,GSW,move,SF,1,1882867,1882867,Official
2019,15755,Tim Frazier,MIL,DET,move,PG,1,1882867,1882867,Official
2019,17853,Jarell Martin,ORL,CLE,move,PF,1,1737145,1737145,Official
2019,17835,Emmanuel Mudiay,NYK,UTA,move,PG,1,1737145,1737145,Official
2019,13360,Raul Neto,UTA,PHI,move,PG,1,1737145,1737145,Official
2019,13314,Anthony Bennett,,HOU,from_outside,PF,1,1737145,1737145,Official
2019,15838,JaKarr Sampson,CHI,IND,move,SF,1,1737145,1737145,Official
2019,20229,Timothe Luwawu-Cabarrot,CHI,CLE,move,SG,1,1678854,1678854,Official
2019,20239,Cheick Diallo,NOP,PHX,move,PF,1,1678854,1678854,Official
2019,23649,Sindarius Thornwell,LAC,CLE,move,SG,1,1620564,1620564,Official
2019,23668,P.J. Dozier,BOS,DEN,move,PG,1,1620564,1620564,Official
2019,24217,Devin Robinson,WAS,TOR,move,SF,1,1620564,1620564,Official
2019,27289,Brad Wanamaker,BOS,BOS,re_sign,PG,1,1445697,1445697,Official
2019,27024,Thomas Welsh,DEN,CHA,move,C,1,1445697,1445697,Official
2019,27827,Theo Pinson,BKN,BKN,re_sign,SG,1,1445697,1445697,Official
2019,21066,Shaquille Harrison,CHI,CHI,re_sign,PG,1,898310,898310,Official
2020,10809,Anthony Davis,LAL,LAL,re_sign,C,5,189903600,37980720,Official
2020,20207,Brandon Ingram,NOP,NOP,re_sign,SF,5,158253000,31650600,Official
2020,6891,Gordon Hayward,BOS,CHA,move,SF,4,120000000,30000000,Official
2020,20778,Fred VanVleet,TOR,TOR,re_sign,PG,4,85000000,21250000,Official
2020,8094,Davis Bertans,WAS,WAS,re_sign,PF,5,80000000,16000000,Official
2020,15385,Joe Harris,BKN,BKN,re_sign,SG,4,75000000,18750000,Official
2020,15379,Bogdan Bogdanovic,SAC,ATL,move,SG,4,72000000,18000000,Official
2020,8065,Marcus Morris Sr.,LAC,LAC,re_sign,SF,4,64000000,16000000,Official
2020,6138,Danilo Gallinari,OKC,ATL,move,PF,3,61425000,20475000,Official
2020,15391,Jerami Grant,DEN,DET,move,PF,3,60007500,20002500,Official
2020,20224,Malik Beasley,MIN,MIN,re_sign,SG,4,60000000,15000000,Official
2020,15398,Jordan Clarkson,UTA,UTA,re_sign,SG,4,51520000,12880000,Official
2020,18218,Christian Wood,DET,HOU,move,PF,3,41000000,13666667,Official
2020,13321,Kentavious Caldwell-Pope,LAL,LAL,re_sign,SG,3,39116585,13038862,Official
2020,27012,De'Anthony Melton,MEM,MEM,re_sign,SG,4,34627688,8656922,Official
2020,10859,Jae Crowder,MIA,PHX,move,SF,3,29162700,9720900,Official
2020,6884,Derrick Favors,NOP,UTA,move,C/PF,3,29162700,9720900,Official
2020,15364,Dario Saric,PHX,PHX,re_sign,PF,3,27000000,9000000,Official
2020,20214,Jakob Poeltl,SAS,SAS,re_sign,C,3,26250000,8750000,Official
2020,13335,Mason Plumlee,DEN,DET,move,C,3,24662500,8220833,Official
2020,20220,Juancho Hernangomez,MIN,MIN,re_sign,PF,3,21037320,7012440,Official
2020,6088,D.J. Augustin,ORL,MIL,move,PG,3,21000000,7000000,Official
2020,15375,Rodney Hood,POR,POR,re_sign,SF,2,20898696,10449348,Official
2020,8054,Tristan Thompson,CLE,BOS,move,C,2,18978900,9489450,Official
2020,6313,Serge Ibaka,TOR,LAC,move,C,2,18978900,9489450,Official
2020,21067,Derrick Jones Jr.,MIA,POR,move,SF/PF,2,18978900,9489450,Official
2020,17860,Montrezl Harrell,LAC,LAL,move,C,2,18978900,9489450,Official
2020,11441,Justin Holiday,IND,IND,re_sign,SG,3,18019260,6006420,Official
2020,6146,Goran Dragic,MIA,MIA,re_sign,PG,1,18000000,18000000,Official
2020,17869,Pat Connaughton,MIL,MIL,re_sign,SG,3,16000000,5333333,Official
2020,2222,Rajon Rondo,LAL,ATL,move,PG,2,15000000,7500000,Official
2020,11666,JaMychal Green,LAC,DEN,move,PF,2,14759508,7379754,Official
2020,11850,Aron Baynes,PHX,TOR,move,C,2,14350000,7175000,Official
2020,23671,Chris Boucher,TOR,TOR,re_sign,PF,2,13520000,6760000,Official
2020,26998,Jevon Carter,PHX,PHX,re_sign,PG,3,11500000,3833333,Official
2020,20210,Kris Dunn,CHI,ATL,move,PG,2,10000000,5000000,Official
2020,2754,Paul Millsap,DEN,DEN,re_sign,PF,1,10000000,10000000,Official
2020,10818,Austin Rivers,HOU,NYK,move,SG,3,9975000,3325000,Official
2020,23599,Josh Jackson,MEM,DET,move,SG,2,9772350,4886175,Official
2020,13322,Trey Burke,DAL,DAL,re_sign,PG,3,9450000,3150000,Official
2020,10819,Meyers Leonard,MIA,MIA,re_sign,C,1,9400000,9400000,Official
2020,32170,John Konchar,MEM,MEM,re_sign,SG,4,9000000,2250000,Official
2020,17834,Willie Cauley-Stein,DAL,DAL,re_sign,C,2,8200000,4100000,Official
2020,17850,Bobby Portis,NYK,MIL,move,PF,2,7427150,3713575,Official
2020,6147,Robin Lopez,MIL,WAS,move,C,1,7300000,7300000,Official
2020,13324,Michael Carter-Williams,ORL,ORL,re_sign,PG,2,6600000,3300000,Official
2020,27758,Kenrich Williams,NOP,OKC,move,PF,3,6000000,2000000,Official
2020,8063,Alec Burks,PHI,NYK,move,SG,1,6000000,6000000,Official
2020,47359,Jontay Porter,MEM,MEM,re_sign,PF/C,3,5850000,1950000,Official
2020,6901,Avery Bradley,LAL,MIA,move,PG,1,5635000,5635000,Official
2020,27015,Chimezie Metu,SAS,SAC,move,C,3,5294220,1764740,Official
2020,28052,Drew Eubanks,SAS,SAS,re_sign,C,3,5294220,1764740,Official
2020,24953,Joshia Gray,NOP,OKC,move,G,3,5294220,1764740,Official
2020,6122,Marc Gasol,TOR,LAL,move,C,2,5257744,2628872,Official
2020,13319,Nerlens Noel,OKC,NYK,move,C,1,5000000,5000000,Official
2020,32461,Zylan Cheatham,NOP,OKC,move,SF,3,4994028,1664676,Official
2020,20796,Bryn Forbes,SAS,MIL,move,SG,2,4791147,2395574,Official
2020,6492,Garrett Temple,BKN,CHI,move,SG,1,4767000,4767000,Official
2020,15362,Elfrid Payton,NYK,NYK,re_sign,PG,1,4767000,4767000,Official
2020,27627,Gary Clark,ORL,ORL,re_sign,PF,2,4100000,2050000,Official
2020,17831,Jahlil Okafor,NOP,DET,move,C,2,4012890,2006445,Official
2020,17847,Jerian Grant,WAS,HOU,move,PG,2,4012890,2006445,Official
2020,20235,Damian Jones,ATL,PHX,move,C,2,3714156,1857078,Official
2020,20226,DeAndre' Bembry,ATL,TOR,move,SF,2,3714156,1857078,Official
2020,10823,Maurice Harkless,NYK,MIA,move,SF,1,3623000,3623000,Official
2020,6489,Wesley Matthews,MIL,LAL,move,SG,1,3623000,3623000,Official
2020,23640,Dwayne Bacon,CHA,ORL,move,SG,2,3502857,1751429,Official
2020,23626,Frank Jackson,NOP,OKC,move,PG,2,3502857,1751429,Official
2020,8057,Bismack Biyombo,CHA,CHA,re_sign,C,1,3500000,3500000,Official
2020,27806,Wenyen Gabriel,POR,NOP,move,PF,2,3383360,1691680,Official
2020,13363,James Ennis III,ORL,ORL,re_sign,SF,1,3300000,3300000,Official
2020,32418,Oshae Brissett,TOR,TOR,re_sign,SF,2,3147290,1573645,Official
2020,32756,Kelan Martin,MIN,IND,move,SF,2,3147290,1573645,Official
2020,6896,Patrick Patterson,LAC,LAC,re_sign,PF,1,3077704,3077704,Official
2020,6149,Nicolas Batum,CHA,LAC,move,SF,1,2564753,2564753,Official
2020,6272,Jeff Teague,ATL,BOS,move,PG,1,2564753,2564753,Official
2020,6302,Wayne Ellington,NYK,DET,move,SG,1,2564753,2564753,Official
2020,2269,Jose Barea,DAL,DAL,re_sign,PG,1,2564753,2564753,Official
2020,2228,Jared Dudley,LAL,LAL,re_sign,SF,1,2564753,2564753,Official
2020,2549,Udonis Haslem,MIA,MIA,re_sign,PF,1,2564753,2564753,Official
2020,2640,Dwight Howard,LAL,PHI,move,C,1,2564753,2564753,Official
2020,2283,Carmelo Anthony,POR,POR,re_sign,PF,1,2564753,2564753,Official
2020,2720,Jeff Green,HOU,BKN,move,PF,1,2564753,2564753,Official
2020,8075,Reggie Jackson,LAC,LAC,re_sign,PG,1,2331593,2331593,Official
2020,8064,Markieff Morris,LAL,LAL,re_sign,PF,1,2331593,2331593,Official
2020,6915,Hassan Whiteside,POR,SAC,move,C,1,2320044,2320044,Official
2020,11079,Kent Bazemore,SAC,GSW,move,SG,1,2320044,2320044,Official
2020,13318,Alex Len,SAC,TOR,move,C,1,2258000,2258000,Official
2020,13336,Solomon Hill,MIA,ATL,move,SF,1,2174318,2174318,Official
2020,13478,Matthew Dellavedova,CLE,CLE,re_sign,PG,1,2174318,2174318,Official
2020,15824,Langston Galloway,DET,PHX,move,SG,1,2028594,2028594,Official
2020,15392,Glenn Robinson III,PHI,SAC,move,SF,1,2028594,2028594,Official
2020,15361,Noah Vonleh,DEN,CHI,move,PF,1,2028594,2028594,Official
2020,15645,Tyler Johnson,BKN,BKN,re_sign,SG,1,2028594,2028594,Official
2020,17837,Frank Kaminsky,PHX,SAC,move,C/PF,1,1882867,1882867,Official
2020,13360,Raul Neto,PHI,WAS,move,PG,1,1882867,1882867,Official
2020,15838,JaKarr Sampson,IND,IND,re_sign,SF,1,1882867,1882867,Official
2020,17863,Willy Hernangomez,CHA,NOP,move,C,1,1737145,1737145,Official
2020,20215,Thon Maker,DET,CLE,move,C,1,1737145,1737145,Official
2020,23615,Harry Giles,SAC,POR,move,C,1,1678854,1678854,Official
2020,24230,Torrey Craig,DEN,MIL,move,SF,1,1678854,1678854,Official
2020,23649,Sindarius Thornwell,NOP,NOP,re_sign,SG,1,1678854,1678854,Official
2020,24263,Derrick Walton Jr.,DET,PHI,move,PG,1,1620564,1620564,Agreed
2020,32680,DaQuan Jeffries,SAC,SAC,re_sign,SG,1,1445697,1445697,Official
2021,8066,Kawhi Leonard,LAC,LAC,re_sign,SF,4,176265152,44066288,Official
2021,23614,John Collins,ATL,ATL,re_sign,PF,5,125000000,25000000,Official
2021,2609,Chris Paul,PHX,PHX,re_sign,PG,4,120000000,30000000,Official
2021,23617,Jarrett Allen,CLE,CLE,re_sign,C,5,100000000,20000000,Official
2021,17874,Norman Powell,POR,POR,re_sign,SG,5,90000000,18000000,Official
2021,27658,Duncan Robinson,MIA,MIA,re_sign,SF,5,90000000,18000000,Official
2021,2536,Kyle Lowry,TOR,MIA,move,PG,3,85000002,28333334,Official
2021,6327,DeMar DeRozan,SAS,CHI,move,SF,3,85000000,28333333,Official
2021,23597,Lonzo Ball,NOP,CHI,move,PG,4,80000000,20000000,Official
2021,13337,Tim Hardaway Jr.,DAL,DAL,re_sign,SG,4,75000000,18750000,Official
2021,10845,Evan Fournier,BOS,NYK,move,SG,4,73000000,18250000,Official
2021,2532,Mike Conley,UTA,UTA,re_sign,PG,3,68040000,22680000,Official
2021,23602,Lauri Markkanen,CHI,CLE,move,PF,4,67470906,16867727,Official
2021,15390,Spencer Dinwiddie,BKN,WAS,move,PG,3,54000000,18000000,Official
2021,27003,Gary Trent Jr.,TOR,TOR,re_sign,SG,3,51840000,17280000,Official
2021,27000,Devonte' Graham,CHA,NOP,move,PG,4,47300000,11825000,Official
2021,17865,Richaun Holmes,SAC,SAC,re_sign,C,4,46522560,11630640,Official
2021,6095,Derrick Rose,NYK,NYK,re_sign,PG,3,43562189,14520730,Official
2021,15363,Doug McDermott,IND,SAS,move,SF,3,42000000,14000000,Official
2021,23625,Josh Hart,NOP,NOP,re_sign,SG,3,37920000,12640000,Official
2021,13326,Kelly Olynyk,HOU,DET,move,PF,3,37195122,12398374,Official
2021,21076,Alex Caruso,LAL,CHI,move,SG,4,37000000,9250000,Official
2021,23828,Daniel Theis,CHI,HOU,move,C,4,35605510,8901378,Official
2021,18252,T.J. McConnell,IND,IND,re_sign,PG,4,33600000,8400000,Official
2021,31605,Talen Horton-Tucker,LAL,LAL,re_sign,SG,3,30780000,10260000,Official
2021,13338,Reggie Bullock,NYK,DAL,move,SF,3,30038400,10012800,Official
2021,8063,Alec Burks,NYK,NYK,re_sign,SG,3,30038400,10012800,Official
2021,13319,Nerlens Noel,NYK,NYK,re_sign,C,3,27720000,9240000,Official
2021,17843,Kelly Oubre Jr.,GSW,CHA,move,SF,2,25000000,12500000,Official
2021,23605,Zach Collins,POR,SAS,move,C,3,22050000,7350000,Official
2021,8075,Reggie Jackson,LAC,LAC,re_sign,PG,2,21599760,10799880,Official
2021,15786,Khem Birch,TOR,TOR,re_sign,C,3,20002500,6667500,Official
2021,6277,Danny Green,PHI,PHI,re_sign,SF,2,20000000,10000000,Official
2021,17842,Cameron Payne,PHX,PHX,re_sign,PG,3,19000000,6333333,Official
2021,2534,Rudy Gay,SAS,UTA,move,PF,3,18553500,6184500,Official
2021,8059,Kemba Walker,OKC,NYK,move,PG,2,17894491,8947246,Official
2021,11666,JaMychal Green,DEN,DEN,re_sign,PF,2,16400000,8200000,Official
2021,6492,Garrett Temple,CHI,NOP,move,SG,3,15466500,5155500,Official
2021,21577,David Nwaba,HOU,HOU,re_sign,SG,3,15000000,5000000,Official
2021,11059,P.J. Tucker,MIL,MIA,move,PF,2,14350000,7175000,Official
2021,27007,Jarred Vanderbilt,MIN,MIN,re_sign,PF,3,13122000,4374000,Official
2021,6322,Patty Mills,SAS,BKN,move,PG,2,12074500,6037250,Official
2021,27011,Hamidou Diallo,DET,DET,re_sign,SG,2,10400000,5200000,Official
2021,28041,Kendrick Nunn,MIA,LAL,move,PG,2,10250000,5125000,Official
2021,6278,Taj Gibson,NYK,NYK,re_sign,C,2,10065500,5032750,Official
2021,8080,Cory Joseph,DET,DET,re_sign,PG,2,10065500,5032750,Official
2021,24230,Torrey Craig,PHX,IND,move,SF,2,10000000,5000000,Official
2021,7116,Ishmael Smith,WAS,CHA,move,PG,2,9225000,4612500,Official
2021,10823,Maurice Harkless,SAC,SAC,re_sign,SF,2,9000000,4500000,Official
2021,2720,Jeff Green,BKN,DEN,move,PF,2,9000000,4500000,Official
2021,17850,Bobby Portis,MIL,MIL,re_sign,PF,2,8912580,4456290,Official
2021,15357,Dante Exum,HOU,HOU,re_sign,PG,3,8100000,2700000,Official
2021,17838,Justise Winslow,MEM,LAC,move,SF/PF,2,8000000,4000000,Official
2021,6154,George Hill,PHI,MIL,move,PG,2,8000000,4000000,Official
2021,32059,Terence Davis,SAC,SAC,re_sign,SG,2,8000000,4000000,Official
2021,31594,Didi Louzada,NOP,NOP,re_sign,SF,4,7686312,1921578,Official
2021,13318,Alex Len,WAS,SAC,move,C,2,7650600,3825300,Official
2021,17863,Willy Hernangomez,NOP,NOP,re_sign,C,3,7330743,2443581,Official
2021,17984,Boban Marjanovic,DAL,DAL,re_sign,C,2,7000000,3500000,Official
2021,13357,Mike Muscala,OKC,OKC,re_sign,C/PF,2,7000000,3500000,Official
2021,20256,Georges Niang,UTA,PHI,move,PF,2,6765000,3382500,Official
2021,6149,Nicolas Batum,LAC,LAC,re_sign,SF,2,6498559,3249280,Official
2021,27975,Jordan McLaughlin,MIN,MIN,re_sign,PG,3,6480000,2160000,Official
2021,23626,Frank Jackson,DET,DET,re_sign,PG,2,6150000,3075000,Official
2021,23647,Sterling Brown,HOU,DAL,move,SG,2,6000000,3000000,Official
2021,13330,Dennis Schröder,LAL,BOS,move,PG,1,5890000,5890000,Official
2021,70680,Saben Lee,DET,DET,re_sign,PG,3,5143840,1714613,Official
2021,17840,Trey Lyles,SAS,DET,move,PF,2,5125000,2562500,Official
2021,2657,Louis Williams,ATL,ATL,re_sign,SG,1,5000000,5000000,Official
2021,6159,JaVale McGee,DEN,PHX,move,C,1,5000000,5000000,Official
2021,6147,Robin Lopez,WAS,ORL,move,C,1,5000000,5000000,Official
2021,27008,Bruce Brown Jr.,BKN,BKN,re_sign,SG,1,4736102,4736102,Official
2021,20796,Bryn Forbes,MIL,SAS,move,SG,1,4500000,4500000,Official
2021,20264,Abdel Nader,PHX,PHX,re_sign,SF,2,4160000,2080000,Official
2021,20219,Denzel Valentine,CHI,CLE,move,SG,2,4133270,2066635,Official
2021,13334,Gorgui Dieng,SAS,ATL,move,C,1,4000000,4000000,Official
2021,23603,Frank Ntilikina,NYK,DAL,move,PG,2,3825574,1912787,Official
2021,23623,Tony Bradley,OKC,CHI,move,C,2,3825574,1912787,Official
2021,27013,Sviatoslav Mykhailiuk,OKC,TOR,move,SF,2,3607937,1803969,Official
2021,15403,Thanasis Antetokounmpo,MIL,MIL,re_sign,SF,2,3607937,1803969,Official
2021,27014,Keita Bates-Diop,SAS,SAS,re_sign,SF/PF,2,3607937,1803969,Official
2021,27016,Alize Johnson,BKN,CHI,move,PF,2,3607937,1803969,Official
2021,26991,Moritz Wagner,ORL,ORL,re_sign,C,2,3607937,1803969,Official
2021,32409,Javonte Green,CHI,CHI,re_sign,SG,2,3484855,1742428,Official
2021,28087,Gabe Vincent,MIA,MIA,re_sign,PG,2,3484855,1742428,Official
2021,32411,Max Strus,MIA,MIA,re_sign,SG,2,3421816,1710908,Official
2021,70706,Omer Yurtseven,MIA,MIA,re_sign,C,2,3241703,1620852,Official
2021,10865,Will Barton,DEN,DEN,re_sign,SG,2,3000000,1500000,Official
2021,6279,James Johnson,NOP,BKN,move,PF,1,2641691,2641691,Official
2021,2513,Trevor Ariza,MIA,LAL,move,SF,1,2641691,2641691,Official
2021,6117,DeAndre Jordan,DET,LAL,move,C,1,2641691,2641691,Official
2021,8053,Enes Freedom,POR,BOS,move,C,1,2641691,2641691,Official
2021,6896,Patrick Patterson,LAC,POR,move,PF,1,2641691,2641691,Official
2021,2549,Udonis Haslem,MIA,MIA,re_sign,PF,1,2641691,2641691,Official
2021,2640,Dwight Howard,PHI,LAL,move,C,1,2641691,2641691,Official
2021,6901,Avery Bradley,HOU,GSW,move,PG,1,2641691,2641691,Official
2021,2222,Rajon Rondo,MEM,LAL,move,PG,1,2641691,2641691,Official
2021,2754,Paul Millsap,DEN,BKN,move,PF,1,2641691,2641691,Official
2021,2283,Carmelo Anthony,POR,LAL,move,PF,1,2641691,2641691,Official
2021,8107,E'Twaun Moore,PHX,ORL,move,SG,1,2641691,2641691,Official
2021,8064,Markieff Morris,LAL,MIA,move,PF,1,2641691,2641691,Official
2021,6302,Wayne Ellington,DET,LAL,move,SG,1,2641691,2641691,Official
2021,6501,Blake Griffin,BKN,BKN,re_sign,PF,1,2641691,2641691,Official
2021,2672,LaMarcus Aldridge,BKN,BKN,re_sign,PF,1,2641691,2641691,Official
2021,74215,Jock Landale,,SAS,from_outside,C/PF,2,2488776,1244388,Official
2021,11079,Kent Bazemore,GSW,LAL,move,SG,1,2401537,2401537,Official
2021,6915,Hassan Whiteside,SAC,UTA,move,C,1,2401537,2401537,Official
2021,10817,Andre Drummond,LAL,PHI,move,C,1,2401537,2401537,Official
2021,10818,Austin Rivers,DEN,DEN,re_sign,SG,1,2401537,2401537,Official
2021,13315,Victor Oladipo,MIA,MIA,re_sign,SG,1,2389641,2389641,Official
2021,13317,Cody Zeller,CHA,POR,move,C,1,2389641,2389641,Official
2021,13333,Tony Snell,ATL,POR,move,SG,1,2389641,2389641,Official
2021,13316,Otto Porter Jr.,ORL,GSW,move,SF,1,2389641,2389641,Official
2021,13336,Solomon Hill,ATL,ATL,re_sign,SF,1,2389641,2389641,Official
2021,13320,Ben McLemore,LAL,POR,move,SF,1,2389641,2389641,Official
2021,13536,Dewayne Dedmon,MIA,MIA,re_sign,C,1,2389641,2389641,Official
2021,15375,Rodney Hood,TOR,MIL,move,SF,1,2239544,2239544,Official
2021,15362,Elfrid Payton,NYK,PHX,move,PG,1,2239544,2239544,Official
2021,15824,Langston Galloway,PHX,GSW,move,SG,1,2239544,2239544,Official
2021,6917,Nemanja Bjelica,MIA,GSW,move,PF,1,2089448,2089448,Official
2021,17836,Stanley Johnson,TOR,CHI,move,SF,1,2089448,2089448,Official
2021,17831,Jahlil Okafor,BKN,ATL,move,C,1,2089448,2089448,Official
2021,13360,Raul Neto,WAS,WAS,re_sign,PG,1,2089448,2089448,Official
2021,17837,Frank Kaminsky,PHX,PHX,re_sign,C/PF,1,2089448,2089448,Official
2021,20226,DeAndre' Bembry,TOR,BKN,move,SF,1,1939350,1939350,Official
2021,20229,Timothe Luwawu-Cabarrot,BKN,ATL,move,SG,1,1939350,1939350,Official
2021,23606,Malik Monk,CHA,LAL,move,SG,1,1789256,1789256,Official
2021,23604,Dennis Smith Jr.,DET,POR,move,PG,1,1789256,1789256,Official
2021,23612,DJ Wilson,HOU,OKC,move,PF,1,1789256,1789256,Official
2021,23632,Semi Ojeleye,BOS,MIL,move,PF,1,1789256,1789256,Official
2021,20275,Ryan Arcidiacono,CHI,BOS,move,PG,1,1789256,1789256,Official
2021,23670,Luke Kornet,BOS,BOS,re_sign,C,1,1789256,1789256,Official
2021,23640,Dwayne Bacon,ORL,NYK,move,SG,1,1789256,1789256,Official
2021,23615,Harry Giles,POR,LAC,move,C,1,1789256,1789256,Official
2021,20940,Chasson Randle,ORL,PHX,move,PG,1,1789256,1789256,Official
2021,21066,Shaquille Harrison,DEN,PHI,move,PG,1,1789256,1789256,Official
2021,23633,Jordan Bell,GSW,GSW,re_sign,C,1,1789256,1789256,Official
2021,17846,Sam Dekker,WAS,TOR,move,SF,1,1789256,1789256,Official
2021,27005,Isaac Bonga,WAS,TOR,move,SF,1,1729217,1729217,Official
2021,27827,Theo Pinson,NYK,BOS,move,SG,1,1729217,1729217,Official
2021,31614,Kyle Guy,SAC,CLE,move,SG,1,1669178,1669178,Official
2021,32678,Juwan Morgan,UTA,BOS,move,SF,1,1669178,1669178,Official
2021,32044,Garrison Mathews,WAS,BOS,move,SG,1,1669178,1669178,Official
2021,31972,Tacko Fall,BOS,CLE,move,C,1,1669178,1669178,Official
2021,31610,Tremont Waters,BOS,MIL,move,PG,1,1669178,1669178,Official
2021,32403,Jared Harper,NYK,NYK,re_sign,PG,1,1669178,1669178,Official
2021,31609,Jarrell Brantley,UTA,UTA,re_sign,PF,1,1669178,1669178,Official
2021,32680,DaQuan Jeffries,SAS,ATL,move,SG,1,1669178,1669178,Official
2021,31596,Deividas Sirvydis,DET,DET,re_sign,SF,1,1669178,1669178,Official
2021,32778,Tyler Cook,DET,CHI,move,PF,1,1669178,1669178,Official
2021,32319,Chris Silva,SAC,MIN,move,F,1,1669178,1669178,Official
2021,70699,Reggie Perry,BKN,TOR,move,C,1,1489065,1489065,Official
2021,70696,Cassius Stanley,IND,DET,move,SG,1,1489065,1489065,Official
2021,70711,Nate Hinton,DAL,IND,move,SG,1,1489065,1489065,Official
2021,32812,Armoni Brooks,HOU,HOU,re_sign,SG,1,1489065,1489065,Official
2021,26988,Chandler Hutchison,SAS,PHX,move,SF,1,0,0,Official
2021,32198,Amir Coffey,LAC,LAC,re_sign,SG,1,0,0,Official
2021,31599,Justin James,SAC,UTA,move,SG,1,0,0,Official
2021,32682,Caleb Martin,CHA,MIA,move,SF,1,0,0,Official
2021,70709,Devon Dotson,CHI,CHI,re_sign,PG,1,0,0,Official
2021,70714,Killian Tillie,MEM,MEM,re_sign,PF,1,0,0,Official
2021,70772,Nathan Knight,ATL,MIN,move,PF,1,0,0,Official
2021,32992,Keljin Blevins,POR,POR,re_sign,G,1,0,0,Official
2021,70708,Trent Forrest,UTA,UTA,re_sign,PG,1,0,0,Official
2021,70695,Cassius Winston,WAS,WAS,re_sign,PG,1,0,0,Official
2021,70705,Markus Howard,DEN,DEN,re_sign,PG,1,0,0,Official
2021,70698,Grant Riller,CHA,PHI,move,PG,1,0,0,Official
2021,70707,Josh Hall,OKC,OKC,re_sign,SF,1,0,0,Official
2021,28089,Paul Watson,TOR,OKC,move,SG,1,0,0,Official
2021,28033,Chris Chiozza,BKN,GSW,move,PG,1,0,0,Official
2021,32785,Rayjon Tucker,PHI,PHI,re_sign,SF,1,0,0,Official
2021,70795,Brodric Thomas,CLE,BOS,move,G,1,0,0,Official
2021,70763,Anthony Lamb,HOU,HOU,re_sign,SF,1,0,0,Official
2021,31606,Ignas Brazdeikis,ORL,ORL,re_sign,SF,1,0,0,Official
2022,10811,Bradley Beal,WAS,WAS,re_sign,SG,5,251019650,50203930,Official
2022,15365,Zach LaVine,CHI,CHI,re_sign,SG,5,215159700,43031940,Official
2022,26967,Deandre Ayton,PHX,PHX,re_sign,C,4,132929128,33232282,Official
2022,26999,Jalen Brunson,DAL,NYK,move,PG,4,104000000,26000000,Official
2022,26990,Anfernee Simons,POR,POR,re_sign,SG,4,100000000,25000000,Official
2022,33033,Luguentz Dort,OKC,OKC,re_sign,SG,5,82500000,16500000,Official
2022,26974,Collin Sexton,CLE,UTA,move,PG,4,70950000,17737500,Official
2022,15368,Jusuf Nurkic,POR,POR,re_sign,C,4,70000000,17500000,Official
2022,6312,James Harden,PHI,PHI,re_sign,SG,2,68640000,34320000,Official
2022,27002,Mitchell Robinson,NYK,NYK,re_sign,C,4,60000000,15000000,Official
2022,17850,Bobby Portis,MIL,MIL,re_sign,PF,4,48578208,12144552,Official
2022,26968,Marvin Bagley III,DET,DET,re_sign,PF,3,37500000,12500000,Official
2022,23671,Chris Boucher,TOR,TOR,re_sign,PF,3,35250000,11750000,Official
2022,11059,P.J. Tucker,MIA,PHI,move,PF,3,33043500,11014500,Official
2022,31595,Cody Martin,CHA,CHA,re_sign,SF,4,31360000,7840000,Official
2022,17852,Tyus Jones,MEM,MEM,re_sign,PG,2,29000000,14500000,Official
2022,20272,Gary Payton II,GSW,POR,move,PG,3,26145000,8715000,Official
2022,6149,Nicolas Batum,LAC,LAC,re_sign,SF,2,22554168,11277084,Official
2022,17858,Kevon Looney,GSW,GSW,re_sign,C,3,22500000,7500000,Official
2022,70758,Jae’Sean Tate,HOU,HOU,re_sign,SF,3,20630434,6876811,Official
2022,26972,Mohamed Bamba,ORL,ORL,re_sign,C,2,20600000,10300000,Official
2022,32682,Caleb Martin,MIA,MIA,re_sign,SF,3,20408850,6802950,Official
2022,23606,Malik Monk,LAL,SAC,move,SG,2,19418049,9709025,Official
2022,6305,Ricky Rubio,IND,CLE,move,PG,3,18439026,6146342,Official
2022,13315,Victor Oladipo,MIA,MIA,re_sign,SG,2,18200000,9100000,Official
2022,15382,Kyle Anderson,MEM,MIN,move,PF,2,18000000,9000000,Official
2022,31590,Nicolas Claxton,BKN,BKN,re_sign,C,2,17250000,8625000,Official
2022,6159,JaVale McGee,PHX,DAL,move,C,3,17202840,5734280,Official
2022,17848,Delon Wright,ATL,WAS,move,PG,2,16000000,8000000,Official
2022,23644,Isaiah Hartenstein,LAC,NYK,move,C,2,16000000,8000000,Official
2022,70652,Jalen Smith,IND,IND,re_sign,PF,3,15131319,5043773,Official
2022,6882,John Wall,HOU,LAC,move,PG,2,13281950,6640975,Official
2022,6138,Danilo Gallinari,SAS,BOS,move,PF,2,13281950,6640975,Official
2022,27008,Bruce Brown Jr.,BKN,DEN,move,SG,2,13281950,6640975,Official
2022,6322,Patty Mills,BKN,BKN,re_sign,PG,2,13281950,6640975,Official
2022,13316,Otto Porter Jr.,GSW,TOR,move,SF,2,12300000,6150000,Official
2022,26983,Donte DiVincenzo,SAC,GSW,move,SG,2,9225000,4612500,Official
2022,13536,Dewayne Dedmon,MIA,MIA,re_sign,C,2,9024000,4512000,Official
2022,20800,Danuel House Jr.,UTA,PHI,move,SF,2,8415250,4207625,Official
2022,13357,Mike Muscala,OKC,OKC,re_sign,C/PF,2,7000000,3500000,Official
2022,23650,Vlatko Cancar,DEN,DEN,re_sign,PF,3,6815324,2271775,Official
2022,21067,Derrick Jones Jr.,CHI,CHI,re_sign,SF/PF,2,6560000,3280000,Official
2022,10817,Andre Drummond,BKN,CHI,move,C,2,6560000,3280000,Official
2022,15852,Joe Ingles,POR,MIL,move,SF,1,6479000,6479000,Official
2022,26984,Lonnie Walker IV,SAS,LAL,move,SG,1,6479000,6479000,Official
2022,26975,Kevin Knox,ATL,DET,move,SF,2,6000000,3000000,Official
2022,70687,Jordan Nwora,MIL,MIL,re_sign,SF,2,5800000,2900000,Official
2022,74166,Jericho Sims,NYK,NYK,re_sign,C,3,5658206,1886069,Official
2022,74311,Sam Hauser,BOS,BOS,re_sign,SF,3,5658206,1886069,Official
2022,17860,Montrezl Harrell,CHA,PHI,move,C,2,5223516,2611758,Official
2022,20235,Damian Jones,SAC,LAL,move,C,2,4885050,2442525,Official
2022,23670,Luke Kornet,BOS,BOS,re_sign,C,2,4546582,2273291,Official
2022,23612,DJ Wilson,TOR,TOR,re_sign,PF,2,4546582,2273291,Official
2022,31603,Bol Bol,ORL,ORL,re_sign,PF,2,4400000,2200000,Official
2022,74148,Joe Wieskamp,SAS,SAS,re_sign,SF,2,4375000,2187500,Official
2022,26998,Jevon Carter,MIL,MIL,re_sign,PG,2,4339943,2169972,Official
2022,23627,Davon Reed,DEN,DEN,re_sign,SG,2,3968718,1984359,Official
2022,31591,KZ Okpala,OKC,SAC,move,SF,2,3968718,1984359,Official
2022,70741,Anthony Gill,WAS,WAS,re_sign,PF,2,3833328,1916664,Official
2022,70772,Nathan Knight,MIN,MIN,re_sign,PF,2,3833328,1916664,Official
2022,74240,Justin Champagnie,TOR,TOR,re_sign,SF,2,3565862,1782931,Official
2022,74151,Kessler Edwards,BKN,BKN,re_sign,SF,2,3565862,1782931,Official
2022,6313,Serge Ibaka,MIL,MIL,re_sign,C,1,2905851,2905851,Official
2022,6501,Blake Griffin,BKN,BOS,move,PF,1,2905851,2905851,Official
2022,10818,Austin Rivers,DEN,MIN,move,SG,1,2905851,2905851,Official
2022,6278,Taj Gibson,NYK,WAS,move,C,1,2905851,2905851,Official
2022,6147,Robin Lopez,ORL,CLE,move,C,1,2905851,2905851,Official
2022,2652,Andre Iguodala,GSW,GSW,re_sign,SF/SG,1,2905851,2905851,Official
2022,2549,Udonis Haslem,MIA,MIA,re_sign,PF,1,2905851,2905851,Official
2022,6489,Wesley Matthews,MIL,MIL,re_sign,SG,1,2905851,2905851,Official
2022,8057,Bismack Biyombo,PHX,PHX,re_sign,C,1,2905851,2905851,Official
2022,6146,Goran Dragic,BKN,CHI,move,PG,1,2905851,2905851,Official
2022,6117,DeAndre Jordan,PHI,DEN,move,C,1,2905851,2905851,Official
2022,13334,Gorgui Dieng,ATL,SAS,move,C,1,2641682,2641682,Official
2022,13330,Dennis Schröder,HOU,LAL,move,PG,1,2641682,2641682,Official
2022,15366,T.J. Warren,IND,BKN,move,SF,1,2628597,2628597,Official
2022,11666,JaMychal Green,OKC,GSW,move,PF,1,2628597,2628597,Official
2022,13478,Matthew Dellavedova,CLE,SAC,move,PG,1,2628597,2628597,Official
2022,13360,Raul Neto,WAS,CLE,move,PG,1,2463490,2463490,Official
2022,17837,Frank Kaminsky,PHX,ATL,move,C/PF,1,2463490,2463490,Official
2022,20253,Jake Layman,MIN,BOS,move,SF,1,2298385,2298385,Official
2022,20220,Juancho Hernangomez,UTA,TOR,move,PF,1,2298385,2298385,Official
2022,13575,Rodney McGruder,DET,DET,re_sign,SG,1,2298385,2298385,Official
2022,20796,Bryn Forbes,DEN,MIN,move,SG,1,2298385,2298385,Official
2022,23643,Thomas Bryant,WAS,LAL,move,C,1,2133278,2133278,Official
2022,21063,Damion Lee,GSW,PHX,move,SG,1,2133278,2133278,Official
2022,23599,Josh Jackson,SAC,TOR,move,SG,1,2133278,2133278,Official
2022,23626,Frank Jackson,DET,PHX,move,PG,1,2133278,2133278,Official
2022,20275,Ryan Arcidiacono,NYK,NYK,re_sign,PG,1,2133278,2133278,Official
2022,26981,Troy Brown Jr.,CHI,LAL,move,SF,1,1968185,1968185,Official
2022,26989,Aaron Holiday,PHX,ATL,move,PG,1,1968175,1968175,Official
2022,26986,Josh Okogie,MIN,PHX,move,SG,1,1968175,1968175,Official
2022,27713,Yuta Watanabe,TOR,BKN,move,SF,1,1968175,1968175,Official
2022,28033,Chris Chiozza,GSW,BKN,move,PG,1,1968175,1968175,Official
2022,27827,Theo Pinson,DAL,DAL,re_sign,SG,1,1968175,1968175,Official
2022,28052,Drew Eubanks,POR,POR,re_sign,C,1,1968175,1968175,Official
2022,32831,Juan Toscano-Anderson,GSW,LAL,move,SF,1,1902133,1902133,Official
2022,32778,Tyler Cook,CHI,UTA,move,PF,1,1902133,1902133,Official
2022,32199,Devontae Cacok,SAS,POR,move,C,1,1902133,1902133,Official
2022,32841,Mychal Mulder,MIA,MIA,re_sign,G,1,1902133,1902133,Official
2022,32830,Moses Brown,CLE,LAC,move,C,1,1902133,1902133,Official
2022,32785,Rayjon Tucker,MIL,MIL,re_sign,SF,1,1902133,1902133,Official
2022,70736,Facundo Campazzo,DEN,DAL,move,PG,1,1836090,1836090,Official
2022,70688,CJ Elleby,POR,MIN,move,SF,1,1836090,1836090,Official
2022,70697,Jay Scrubb,LAC,ORL,move,SG,1,1836090,1836090,Official
2022,70681,Elijah Hughes,POR,MIL,move,SF,1,1836090,1836090,Official
2022,70692,Skylar Mays,ATL,PHI,move,SG,1,1836090,1836090,Official
2022,70795,Brodric Thomas,BOS,BOS,re_sign,G,1,1836090,1836090,Official
2022,70682,Robert Woodard II,SAS,OKC,move,SG,1,1836090,1836090,Official
2022,70753,Malik Fitts,IND,LAC,move,PF,1,1836090,1836090,Official
2022,70763,Anthony Lamb,HOU,GSW,move,SF,1,1836090,1836090,Official
2022,72873,Luca Vildoza,MIL,MIL,re_sign,PG,1,1836090,1836090,Official
2022,70711,Nate Hinton,IND,CLE,move,SG,1,1836090,1836090,Official
2022,74155,Sharife Cooper,ATL,CLE,move,PG,1,1637966,1637966,Official
2022,74223,McKinley Wright IV,MIN,DAL,move,PG,1,1637966,1637966,Official
2022,74154,David Johnson,TOR,TOR,re_sign,PG,1,1637966,1637966,Official
2022,74325,Jamorko Pickett,DET,CLE,move,SF,1,1637966,1637966,Official
2022,74472,Matt Ryan,BOS,LAL,move,SF,1,1637966,1637966,Official
2022,31593,Bruno Fernando,HOU,HOU,re_sign,C,1,0,0,Official
2022,31563,Jarrett Culver,MEM,ATL,move,SG,1,0,0,Official
2022,74239,David Duke Jr.,BKN,BKN,re_sign,SG,1,0,0,Official
2022,74146,Neemias Queta,SAC,SAC,re_sign,C,1,0,0,Official
2022,70708,Trent Forrest,UTA,ATL,move,PG,1,0,0,Official
2022,74220,Ishmail Wainright,PHX,PHX,re_sign,SF,1,0,0,Official
2022,70720,Trevelin Queen,HOU,IND,move,SG,1,0,0,Official
2022,31608,Quinndary Weatherspoon,GSW,GSW,re_sign,SG,1,0,0,Official
2022,31601,Admiral Schofield,ORL,ORL,re_sign,SF,1,0,0,Official
2022,32819,Lindell Wigginton,MIL,MIL,re_sign,SG,2,0,0,Official
2022,74583,Malcolm Hill,CHI,CHI,re_sign,G,1,0,0,Official
2022,75135,Xavier Moon,LAC,LAC,re_sign,SG,1,0,0,Official
2022,28027,Gabe York,IND,IND,re_sign,SG,1,0,0,Official
2022,74221,Duane Washington Jr.,IND,PHX,move,PG,1,0,0,Official
2022,74415,R.J. Nembhard,CLE,CLE,re_sign,PG,1,0,0,Official
2023,15391,Jerami Grant,POR,POR,re_sign,PF,5,160000000,32000000,Official
2023,20778,Fred VanVleet,TOR,HOU,move,PG,3,128539845,42846615,Official
2023,8051,Kyrie Irving,DAL,DAL,re_sign,PG,3,120000000,40000000,Official
2023,10860,Draymond Green,GSW,GSW,re_sign,PF/SF,4,100000000,25000000,Official
2023,31568,Cameron Johnson,BKN,BKN,re_sign,SF,4,94500000,23625000,Official
2023,10864,Khris Middleton,MIL,MIL,re_sign,SF,3,93000000,31000000,Official
2023,23622,Kyle Kuzma,WAS,WAS,re_sign,SF,4,90000000,22500000,Official
2023,23646,Dillon Brooks,MEM,HOU,move,SF,4,86000001,21500000,Official
2023,20214,Jakob Poeltl,TOR,TOR,re_sign,C,4,78000000,19500000,Official
2023,32411,Max Strus,MIA,CLE,move,SG,4,62297040,15574260,Official
2023,74218,Austin Reaves,LAL,LAL,re_sign,SG,4,53827872,13456968,Official
2023,74142,Herb Jones,NOP,NOP,re_sign,SF,4,53827872,13456968,Official
2023,31579,Grant Williams,BOS,DAL,move,PF,4,53341500,13335375,Official
2023,31566,Rui Hachimura,LAL,LAL,re_sign,PF,3,51000000,17000000,Official
2023,6136,Brook Lopez,MIL,MIL,re_sign,C,2,48000000,24000000,Official
2023,26983,Donte DiVincenzo,GSW,NYK,move,SG,4,46870000,11717500,Official
2023,31569,PJ Washington,CHA,CHA,re_sign,PF,3,46500000,15500000,Official
2023,27008,Bruce Brown Jr.,DEN,IND,move,SG,2,45000000,22500000,Official
2023,17830,D'Angelo Russell,LAL,LAL,re_sign,PG,2,36000000,18000000,Official
2023,31564,Coby White,CHI,CHI,re_sign,PG,3,36000000,12000000,Official
2023,31577,Matisse Thybulle,POR,POR,re_sign,SG,3,33075000,11025000,Official
2023,28087,Gabe Vincent,MIA,LAL,move,PG,3,33000000,11000000,Official
2023,20225,Caris LeVert,CLE,CLE,re_sign,SG,2,32000000,16000000,Official
2023,74215,Jock Landale,PHX,HOU,move,C/PF,4,32000000,8000000,Official
2023,20256,Georges Niang,PHI,CLE,move,PF,3,25500000,8500000,Official
2023,13330,Dennis Schröder,LAL,TOR,move,PG,2,25430250,12715125,Official
2023,70700,Paul Reed,PHI,PHI,re_sign,C,3,23555150,7851717,Official
2023,15852,Joe Ingles,MIL,ORL,move,SF,2,22000000,11000000,Official
2023,74145,Ayo Dosunmu,CHI,CHI,re_sign,PG,3,21000000,7000000,Official
2023,70683,Tre Jones,SAS,SAS,re_sign,PG,2,20000000,10000000,Official
2023,26998,Jevon Carter,MIL,CHI,move,PG,3,19500000,6500000,Official
2023,2720,Jeff Green,DEN,HOU,move,PF,2,16000000,8000000,Official
2023,17840,Trey Lyles,SAC,SAC,re_sign,PF,2,16000000,8000000,Official
2023,26991,Moritz Wagner,ORL,ORL,re_sign,C,2,16000000,8000000,Official
2023,15397,Dwight Powell,DAL,DAL,re_sign,C,3,12000000,4000000,Official
2023,78268,Julian Champagnie,SAS,SAS,re_sign,SF,4,12000000,3000000,Official
2023,8075,Reggie Jackson,DEN,DEN,re_sign,PG,2,10250000,5125000,Official
2023,27020,Shake Milton,PHI,MIN,move,SG,2,10000000,5000000,Official
2023,31611,Jalen McDaniels,PHI,TOR,move,PF,2,9257800,4628900,Official
2023,31574,Nickeil Alexander-Walker,MIN,MIN,re_sign,SG,2,9000000,4500000,Official
2023,13512,Seth Curry,BKN,DAL,move,SG,2,8000000,4000000,Official
2023,26981,Troy Brown Jr.,LAL,MIN,move,SG,2,8000000,4000000,Official
2023,26978,Miles Bridges,CHA,CHA,re_sign,SF,1,7921300,7921300,Official
2023,6132,Kevin Love,MIA,MIA,re_sign,C/PF,2,7863263,3931632,Official
2023,6141,Russell Westbrook,LAC,LAC,re_sign,PG,2,7863263,3931632,Official
2023,6116,Eric Gordon,LAC,PHX,move,SG,2,6552719,3276360,Official
2023,6095,Derrick Rose,NYK,MEM,move,PG,2,6552719,3276360,Official
2023,78250,AJ Green,MIL,MIL,re_sign,SG,3,6324049,2108016,Official
2023,17868,Josh Richardson,NOP,MIA,move,SG,2,5942620,2971310,Official
2023,26986,Josh Okogie,PHX,PHX,re_sign,SG,2,5772671,2886336,Official
2023,18218,Christian Wood,DAL,LAL,move,C,2,5745889,2872945,Official
2023,70706,Omer Yurtseven,MIA,UTA,move,C,2,5460000,2730000,Official
2023,24230,Torrey Craig,PHX,CHI,move,SF,2,5373575,2686788,Official
2023,21063,Damion Lee,PHX,PHX,re_sign,SG,2,5373575,2686788,Official
2023,23643,Thomas Bryant,DEN,MIA,move,C,2,5373575,2686788,Official
2023,27014,Keita Bates-Diop,SAS,PHX,move,PF/PF,2,5001258,2500629,Official
2023,28052,Drew Eubanks,POR,PHX,move,C,2,5001258,2500629,Official
2023,27713,Yuta Watanabe,BKN,PHX,move,SF,2,5001258,2500629,Official
2023,13335,Mason Plumlee,LAC,LAC,re_sign,C,1,5000000,5000000,Official
2023,8057,Bismack Biyombo,PHX,MEM,move,C,1,5000000,5000000,Official
2023,31582,Ty Jerome,GSW,CLE,move,SG,2,5000000,2500000,Official
2023,31567,Cam Reddish,POR,LAL,move,SF,2,4628946,2314473,Official
2023,31565,Jaxson Hayes,NOP,LAL,move,C,2,4628946,2314473,Official
2023,32418,Oshae Brissett,IND,BOS,move,PF,2,4628946,2314473,Official
2023,20217,Taurean Prince,MIN,LAL,move,PF,1,4516000,4516000,Official
2023,74153,Dalano Banton,TOR,BOS,move,PG,2,4216676,2108338,Official
2023,74222,Terry Taylor,CHI,CHI,re_sign,SF,2,4216676,2108338,Official
2023,78917,Jack White,DEN,OKC,move,SF,2,3922463,1961232,Official
2023,78309,Orlando Robinson,MIA,MIA,re_sign,C,2,3922462,1961231,Official
2023,10859,Jae Crowder,MIL,MIL,re_sign,SF,1,3196448,3196448,Official
2023,13318,Alex Len,SAC,SAC,re_sign,C,1,3196448,3196448,Official
2023,8080,Cory Joseph,DET,GSW,move,PG,1,3196448,3196448,Official
2023,6492,Garrett Temple,NOP,TOR,move,SG,1,3196448,3196448,Official
2023,7116,Ishmael Smith,DEN,CHA,move,PG,1,3196448,3196448,Official
2023,6489,Wesley Matthews,MIL,ATL,move,SG,1,3196448,3196448,Official
2023,6117,DeAndre Jordan,DEN,DEN,re_sign,C,1,3196448,3196448,Official
2023,6147,Robin Lopez,CLE,MIL,move,C,1,3196448,3196448,Official
2023,6278,Taj Gibson,WAS,WAS,re_sign,C,1,3196448,3196448,Official
2023,8064,Markieff Morris,DAL,DAL,re_sign,PF,1,3196448,3196448,Official
2023,6277,Danny Green,CLE,PHI,move,SF,1,3196448,3196448,Official
2023,11441,Justin Holiday,DAL,DEN,move,SG,1,3196448,3196448,Official
2023,13317,Cody Zeller,MIA,NOP,move,C,1,3196448,3196448,Official
2023,6297,Patrick Beverley,CHI,PHI,move,PG,1,3196448,3196448,Official
2023,8054,Tristan Thompson,LAL,CLE,move,C,1,3196448,3196448,Official
2023,17843,Kelly Oubre Jr.,CHA,PHI,move,SF,1,2891467,2891467,Official
2023,17838,Justise Winslow,POR,TOR,move,PF/PF,1,2891467,2891467,Official
2023,17984,Boban Marjanovic,HOU,HOU,re_sign,C,1,2891467,2891467,Official
2023,17860,Montrezl Harrell,PHI,PHI,re_sign,C,1,2891467,2891467,Official
2023,15364,Dario Saric,OKC,GSW,move,PF,1,2709849,2709849,Official
2023,13575,Rodney McGruder,DET,GSW,move,SG,1,2709849,2709849,Official
2023,21067,Derrick Jones Jr.,CHI,DAL,move,PF/PF,1,2709849,2709849,Official
2023,20224,Malik Beasley,LAL,MIL,move,SG,1,2709849,2709849,Official
2023,23603,Frank Ntilikina,DAL,CHA,move,PG,1,2528233,2528233,Official
2023,23604,Dennis Smith Jr.,CHA,BKN,move,PG,1,2528233,2528233,Official
2023,21066,Shaquille Harrison,LAL,MEM,move,PG,1,2528233,2528233,Official
2023,27015,Chimezie Metu,SAC,PHX,move,C,1,2346614,2346614,Official
2023,15403,Thanasis Antetokounmpo,MIL,MIL,re_sign,PF,1,2346614,2346614,Official
2023,27806,Wenyen Gabriel,LAL,BOS,move,PF,1,2346614,2346614,Official
2023,27011,Hamidou Diallo,DET,WAS,move,SG,1,2346614,2346614,Official
2023,26984,Lonnie Walker IV,LAL,BKN,move,SG,1,2346614,2346614,Official
2023,26972,Mohamed Bamba,LAL,PHI,move,C,1,2346614,2346614,Official
2023,26989,Aaron Holiday,ATL,HOU,move,PG,1,2346614,2346614,Official
2023,27013,Sviatoslav Mykhailiuk,CHA,BOS,move,SG,1,2346614,2346614,Official
2023,26975,Kevin Knox,POR,POR,re_sign,SF,1,2346614,2346614,Official
2023,31581,Darius Bazley,PHX,BKN,move,PF,1,2165000,2165000,Official
2023,31571,Romeo Langford,SAS,UTA,move,SG,1,2165000,2165000,Official
2023,31602,Jaylen Nowell,MIN,SAC,move,SG,1,2165000,2165000,Official
2023,32409,Javonte Green,CHI,GSW,move,SG,1,2165000,2165000,Official
2023,31603,Bol Bol,ORL,PHX,move,PF,1,2165000,2165000,Official
2023,32043,Louis King,PHI,LAL,move,SF,1,2165000,2165000,Official
2023,70766,Mamadi Diakite,CLE,NYK,move,PF,1,2092354,2092354,Official
2023,74232,Trendon Watford,POR,BKN,move,PF,1,2019706,2019706,Official
2023,74357,Daishen Nix,HOU,MIN,move,PG,1,2019706,2019706,Official
2023,74267,Mac McClung,PHI,ORL,move,PG,1,2019706,2019706,Official
2023,74161,Sandro Mamukelashvili,SAS,SAS,re_sign,C,1,2019706,2019706,Official
2023,74239,David Duke Jr.,BKN,PHI,move,SG,1,2019706,2019706,Official
2023,78153,Trevor Keels,NYK,MIN,move,SG,1,1801769,1801769,Official
2023,31585,Dylan Windler,CLE,NYK,move,SF,1,0,0,Official
2023,70669,Udoka Azubuike,UTA,PHX,move,C,1,0,0,Official
2023,75746,Lindy Waters III,OKC,OKC,re_sign,SF,1,0,0,Official
2023,78252,Trevor Hudgins,HOU,HOU,re_sign,PG,1,0,0,Official
2023,78256,Scotty Pippen Jr.,LAL,MEM,move,PG,2,0,0,Official
2023,78266,Buddy Boeheim,DET,DET,re_sign,SG,2,0,0,Official
2023,78160,Isaiah Mobley,CLE,CLE,re_sign,PF,1,0,0,Official
2023,74146,Neemias Queta,SAC,BOS,move,C,1,0,0,Official
2023,78267,Keon Ellis,SAC,SAC,re_sign,SF,1,0,0,Official
2023,78276,Collin Gillespie,DEN,DEN,re_sign,PG,1,0,0,Official
2023,78163,J.D. Davison,BOS,BOS,re_sign,PG,1,0,0,Official
2023,78565,Dominick Barlow,SAS,SAS,re_sign,PF,1,0,0,Official
2023,78577,Ron Harper Jr.,TOR,TOR,re_sign,SG,1,0,0,Official
2023,78583,Johnny Juzang,UTA,UTA,re_sign,SG,1,0,0,Official
2023,78584,Jamal Cain,MIA,MIA,re_sign,SF,1,0,0,Official
2023,70872,Jeff Dowtin,TOR,PHI,move,PG,1,0,0,Official
2023,78154,Moussa Diabate,LAC,LAC,re_sign,PF,1,0,0,Official
2023,70708,Trent Forrest,ATL,ATL,re_sign,PG,1,0,0,Official
2023,74159,Luka Garza,MIN,MIN,re_sign,C,1,0,0,Official
2023,78159,Kendall Brown,IND,IND,re_sign,SF,1,0,0,Official
2023,78586,Darius Days,HOU,HOU,re_sign,SF,1,0,0,Official
2023,70676,Theo Maledon,CHA,CHA,re_sign,PG,1,0,0,Official
2023,79978,John Butler Jr.,POR,WAS,move,C,1,0,0,Official
2023,79963,Ibou Badji,POR,POR,re_sign,C,1,0,0,Official
2023,74472,Matt Ryan,MIN,MIN,re_sign,SF,1,0,0,Official
2023,79316,Jared Rhoden,DET,DET,re_sign,SG,1,0,0,Official
2023,70680,Saben Lee,PHX,PHX,re_sign,PG,1,0,0,Official
2023,74604,Olivier Sarr,OKC,OKC,re_sign,C,1,0,0,Official
2023,74221,Duane Washington Jr.,NYK,NYK,re_sign,PG,1,0,0,Official
2023,75135,Xavier Moon,LAC,LAC,re_sign,SG,1,0,0,Official
2023,74262,Jay Huff,WAS,DEN,move,C,1,0,0,Official
2023,74147,Jared Butler,OKC,WAS,move,PG,1,0,0,Official
2023,78288,Lester Quinones,GSW,GSW,re_sign,SG,1,0,0,Official
2023,70772,Nathan Knight,MIN,NYK,move,PF,1,0,0,Official
2023,31601,Admiral Schofield,ORL,ORL,re_sign,SF,1,0,0,Official
2023,74420,Dru Smith,BKN,MIA,move,SG,1,0,0,Official
2024,23618,OG Anunoby,NYK,NYK,re_sign,SF,5,212500000,42500000,Official
2024,6892,Paul George,LAC,PHI,move,SG,4,211584940,52896235,Official
2024,70663,Tyrese Maxey,PHI,PHI,re_sign,PG,5,203852600,40770520,Official
2024,20232,Pascal Siakam,IND,IND,re_sign,PF,4,188950272,47237568,Official
2024,70667,Immanuel Quickley,TOR,TOR,re_sign,PG,5,162500000,32500000,Official
2024,2257,LeBron James,LAL,LAL,re_sign,PF,2,101355998,50677999,Official
2024,31590,Nicolas Claxton,BKN,BKN,re_sign,C,4,97000000,24250000,Official
2024,70646,Patrick Williams,CHI,CHI,re_sign,SF,5,90000000,18000000,Official
2024,23644,Isaiah Hartenstein,NYK,OKC,move,C,3,87000000,29000000,Official
2024,23606,Malik Monk,SAC,SAC,re_sign,SG,4,77975308,19493827,Official
2024,26978,Miles Bridges,CHA,CHA,re_sign,SF,3,75000000,25000000,Official
2024,6327,DeMar DeRozan,CHI,SAC,move,SF,3,73710000,24570000,Official
2024,6312,James Harden,LAC,LAC,re_sign,SG,2,70000000,35000000,Official
2024,13321,Kentavious Caldwell-Pope,DEN,ORL,move,SG,3,66000000,22000000,Official
2024,70650,Obi Toppin,IND,IND,re_sign,PF,4,58000000,14500000,Official
2024,8070,Tobias Harris,PHI,DET,move,PF,2,52000000,26000000,Official
2024,8062,Klay Thompson,GSW,DAL,move,SG,3,50000000,16666667,Official
2024,70691,Isaiah Joe,OKC,OKC,re_sign,SG,4,48000000,12000000,Official
2024,74162,Aaron Wiggins,OKC,OKC,re_sign,SG,4,45000000,11250000,Official
2024,24240,Royce O'Neale,PHX,PHX,re_sign,SF,4,42000000,10500000,Official
2024,20211,Buddy Hield,PHI,GSW,move,SG,4,37756096,9439024,Official
2024,32682,Caleb Martin,MIA,PHI,move,SF,4,35040704,8760176,Official
2024,70647,Isaac Okoro,CLE,CLE,re_sign,SG,3,33000000,11000000,Official
2024,78136,Max Christie,LAL,LAL,re_sign,SG,4,32000000,8000000,Official
2024,8055,Jonas Valanciunas,NOP,WAS,move,C,3,30295000,10098333,Official
2024,21067,Derrick Jones Jr.,DAL,LAC,move,SF/PF,3,30000000,10000000,Official
2024,15382,Kyle Anderson,MIN,GSW,move,PF,3,27658536,9219512,Official
2024,70704,Naji Marshall,NOP,DAL,move,SF,3,27000000,9000000,Official
2024,70652,Jalen Smith,IND,CHI,move,PF,3,27000000,9000000,Official
2024,31575,Goga Bitadze,ORL,ORL,re_sign,C,3,25000000,8333333,Official
2024,26991,Moritz Wagner,ORL,ORL,re_sign,C,2,22000000,11000000,Official
2024,70661,Saddiq Bey,ATL,WAS,move,SF,3,19000000,6333333,Official
2024,17843,Kelly Oubre Jr.,PHI,PHI,re_sign,SF,2,16365150,8182575,Official
2024,20210,Kris Dunn,UTA,LAC,move,PG,3,16279200,5426400,Official
2024,78654,Simone Fontecchio,DET,DET,re_sign,SF,2,16000000,8000000,Official
2024,26986,Josh Okogie,PHX,PHX,re_sign,SG,2,16000000,8000000,Official
2024,27013,Sviatoslav Mykhailiuk,BOS,UTA,move,SG,4,15050000,3762500,Official
2024,15371,Gary Harris,ORL,ORL,re_sign,SG,2,15000000,7500000,Official
2024,27012,De'Anthony Melton,PHI,GSW,move,SG,1,12822000,12822000,Official
2024,78583,Johnny Juzang,UTA,UTA,re_sign,SG,4,11425252,2856313,Official
2024,13317,Cody Zeller,NOP,ATL,move,C,3,11025000,3675000,Official
2024,28301,Haywood Highsmith,MIA,MIA,re_sign,F,2,10816000,5408000,Official
2024,15364,Dario Saric,GSW,DEN,move,PF,2,10594400,5297200,Official
2024,2609,Chris Paul,GSW,SAS,move,PG,1,10460000,10460000,Official
2024,70679,Vit Krejci,ATL,ATL,re_sign,PG,4,10185213,2546303,Official
2024,10817,Andre Drummond,CHI,PHI,move,C,2,10000000,5000000,Official
2024,28052,Drew Eubanks,PHX,UTA,move,C,2,9750000,4875000,Official
2024,6149,Nicolas Batum,PHI,LAC,move,SF,2,9569400,4784700,Official
2024,26989,Aaron Holiday,HOU,HOU,re_sign,PG,2,9569400,4784700,Official
2024,23607,Luke Kennard,MEM,MEM,re_sign,SG,1,9250000,9250000,Official
2024,27020,Shake Milton,NYK,BKN,move,SG,3,9162406,3054135,Official
2024,32680,DaQuan Jeffries,NYK,CHA,move,SG,3,8250098,2750033,Official
2024,6132,Kevin Love,MIA,MIA,re_sign,C/PF,2,8000000,4000000,Official
2024,31896,Charlie Brown Jr.,NYK,CHA,move,SG,3,7658796,2552932,Official
2024,74146,Neemias Queta,BOS,BOS,re_sign,C,3,7180128,2393376,Official
2024,6116,Eric Gordon,PHX,PHI,move,SG,2,6772731,3386366,Official
2024,6141,Russell Westbrook,UTA,DEN,move,PG,2,6772731,3386366,Official
2024,70662,Precious Achiuwa,NYK,NYK,re_sign,PF,1,6000000,6000000,Official
2024,20224,Malik Beasley,MIL,DET,move,SG,1,6000000,6000000,Official
2024,70644,James Wiseman,DET,IND,move,C,2,4784366,2392183,Official
2024,70677,Xavier Tillman,BOS,BOS,re_sign,C,2,4784366,2392183,Official
2024,70741,Anthony Gill,WAS,WAS,re_sign,PF,2,4784366,2392183,Official
2024,74159,Luka Garza,MIN,MIN,re_sign,C,2,4512184,2256092,Official
2024,74128,Keon Johnson,BKN,BKN,re_sign,SG,2,4512184,2256092,Official
2024,15363,Doug McDermott,IND,SAC,move,SF,1,3303771,3303771,Official
2024,8063,Alec Burks,NYK,MIA,move,SG,1,3303771,3303771,Official
2024,6117,DeAndre Jordan,DEN,DEN,re_sign,C,1,3303771,3303771,Official
2024,13512,Seth Curry,CHA,CHA,re_sign,SG,1,3303771,3303771,Official
2024,13318,Alex Len,SAC,SAC,re_sign,C,1,3303771,3303771,Official
2024,13335,Mason Plumlee,LAC,PHX,move,C,1,3303771,3303771,Official
2024,6492,Garrett Temple,TOR,TOR,re_sign,SG,1,3303771,3303771,Official
2024,8054,Tristan Thompson,CLE,CLE,re_sign,C,1,3303771,3303771,Official
2024,8064,Markieff Morris,DAL,DAL,re_sign,PF,1,3303771,3303771,Official
2024,15852,Joe Ingles,ORL,MIN,move,SF,1,3303771,3303771,Official
2024,6279,James Johnson,IND,IND,re_sign,PF,1,3303771,3303771,Official
2024,15390,Spencer Dinwiddie,LAL,DAL,move,PG,1,3303771,3303771,Official
2024,2536,Kyle Lowry,PHI,PHI,re_sign,PG,1,3303771,3303771,Official
2024,6322,Patty Mills,MIA,UTA,move,PG,1,3303771,3303771,Official
2024,6278,Taj Gibson,DET,CHA,move,C,1,3303771,3303771,Official
2024,15366,T.J. Warren,MIN,NYK,move,SF,1,3303771,3303771,Official
2024,8065,Marcus Morris Sr.,CLE,NYK,move,SF,1,3303771,3303771,Official
2024,17852,Tyus Jones,WAS,PHX,move,PG,1,3003427,3003427,Official
2024,17842,Cameron Payne,PHI,NYK,move,PG,1,3003427,3003427,Official
2024,17848,Delon Wright,MIA,MIL,move,PG,1,3003427,3003427,Official
2024,20217,Taurean Prince,LAL,MIL,move,PF,1,2988550,2988550,Official
2024,23652,Monte Morris,MIN,PHX,move,PG,1,2800834,2800834,Official
2024,23670,Luke Kornet,BOS,BOS,re_sign,C,1,2800834,2800834,Official
2024,23643,Thomas Bryant,MIA,MIA,re_sign,C,1,2800834,2800834,Official
2024,21063,Damion Lee,PHX,PHX,re_sign,SG,1,2800834,2800834,Official
2024,23828,Daniel Theis,LAC,NOP,move,C,1,2800834,2800834,Official
2024,74232,Trendon Watford,BKN,BKN,re_sign,PF,1,2726603,2726603,Official
2024,26992,Landry Shamet,WAS,NYK,move,SG,1,2613120,2613120,Official
2024,27003,Gary Trent Jr.,TOR,MIL,move,SG,1,2613120,2613120,Official
2024,27000,Devonte' Graham,CHA,POR,move,PG,1,2613120,2613120,Official
2024,26984,Lonnie Walker IV,BKN,BOS,move,SG,1,2613120,2613120,Official
2024,26972,Mohamed Bamba,PHI,LAC,move,C,1,2613120,2613120,Official
2024,31605,Talen Horton-Tucker,UTA,CHI,move,SG,1,2425403,2425403,Official
2024,27975,Jordan McLaughlin,MIN,SAC,move,PG,1,2425403,2425403,Official
2024,31603,Bol Bol,PHX,PHX,re_sign,PF,1,2425403,2425403,Official
2024,32830,Moses Brown,POR,NYK,move,C,1,2425403,2425403,Official
2024,23650,Vlatko Cancar,DEN,DEN,re_sign,PF,1,2425403,2425403,Official
2024,32409,Javonte Green,CHI,NOP,move,SG,1,2425403,2425403,Official
2024,31573,Chuma Okeke,ORL,NYK,move,PF,1,2237691,2237691,Official
2024,70671,Malachi Flynn,DET,SAS,move,PG,1,2237691,2237691,Official
2024,70655,Kira Lewis Jr.,UTA,WAS,move,PG,1,2237691,2237691,Official
2024,70716,Lamar Stevens,MEM,DET,move,SF,1,2237691,2237691,Official
2024,70692,Skylar Mays,LAL,MIN,move,SG,1,2237691,2237691,Official
2024,74158,Brandon Boston Jr,LAC,SAS,move,SG,1,2162606,2162606,Official
2024,74161,Sandro Mamukelashvili,SAS,SAS,re_sign,C,1,2162606,2162606,Official
2024,74592,Braxton Key,DEN,LAC,move,SF,1,2162606,2162606,Official
2024,70711,Nate Hinton,HOU,HOU,re_sign,SG,1,2162606,2162606,Official
2024,74333,Jordan Goodwin,MEM,LAL,move,PG,1,2162606,2162606,Official
2024,70771,Kevon Harris,ORL,ATL,move,SG,1,2087519,2087519,Official
2024,79948,Dereon Seabron,NOP,DET,move,SG,1,2087519,2087519,Official
2024,78309,Orlando Robinson,MIA,SAC,move,C,1,2087519,2087519,Official
2024,79316,Jared Rhoden,DET,TOR,move,SG,1,2087519,2087519,Official
2024,78160,Isaiah Mobley,CLE,PHI,move,PF,1,2087519,2087519,Official
2024,78257,Cole Swider,MIA,IND,move,F,1,2087519,2087519,Official
2024,79963,Ibou Badji,POR,MIL,move,C,1,2087519,2087519,Official
2024,79973,Jacob Gilyard,BKN,CLE,move,PG,1,2087519,2087519,Official
2024,84480,Jalen Slawson,SAC,ORL,move,PF,1,1862265,1862265,Official
2024,84481,Isaiah Wong,IND,UTA,move,PG,1,1862265,1862265,Official
2024,84476,Keyontae Johnson,OKC,CHA,move,SF,1,1862265,1862265,Official
2024,84469,Amari Bailey,CHA,BKN,move,PG,1,1862265,1862265,Official
2024,80016,Jermaine Samuels,HOU,HOU,re_sign,SF,1,1862265,1862265,Official
2024,80006,Henri Drell,CHI,POR,move,SF,1,1862265,1862265,Official
2024,90227,Malik Williams,TOR,MIA,move,C,1,1862265,1862265,Official
2024,79977,Jules Bernard,WAS,CLE,move,SG,1,1862265,1862265,Official
2024,74144,JT Thor,CHA,CLE,move,PF,1,0,0,Official
2024,78140,Bryce McGowens,CHA,POR,move,SG,1,0,0,Official
2024,74151,Kessler Edwards,SAC,DAL,move,SF,1,0,0,Official
2024,74418,Micah Potter,UTA,UTA,re_sign,C,1,0,0,Official
2024,84732,Oscar Tshiebwe,IND,UTA,move,PF,1,0,0,Official
2024,84736,Colin Castleton,LAL,MEM,move,PF,1,0,0,Official
2024,84472,Seth Lundy,ATL,LAC,move,SG,2,0,0,Official
2024,84475,Emoni Bates,CLE,CLE,re_sign,SG,1,0,0,Official
2024,78163,J.D. Davison,BOS,BOS,re_sign,PG,1,0,0,Official
2024,84939,Adama Sanogo,CHI,CHI,re_sign,PF,1,0,0,Official
2024,74262,Jay Huff,DEN,MEM,move,C,1,0,0,Official
2024,78154,Moussa Diabate,LAC,CHA,move,PF,1,0,0,Official
2024,78288,Lester Quinones,GSW,PHI,move,SG,1,0,0,Official
2024,78565,Dominick Barlow,SAS,ATL,move,PF,1,0,0,Official
2024,80003,Jeenathan Williams,HOU,HOU,re_sign,SG,1,0,0,Official
2024,78584,Jamal Cain,MIA,NOP,move,SF,1,0,0,Official
2024,70720,Trevelin Queen,ORL,ORL,re_sign,SG,1,0,0,Official
2024,82122,Justin Minaya,POR,POR,re_sign,F,0,0,,Official
2024,74239,David Duke Jr.,SAS,SAS,re_sign,SG,1,0,0,Official
2024,75136,Brandon Williams,DAL,DAL,re_sign,PG,1,0,0,Official
2024,74221,Duane Washington Jr.,NYK,CHA,move,PG,0,0,,Official
2024,86006,Pete Nance,CLE,PHI,move,PF,1,0,0,Official
2024,70872,Jeff Dowtin,PHI,PHI,re_sign,PG,1,0,0,Official
2024,79955,Quenton Jackson,IND,IND,re_sign,G,1,0,0,Official
2024,84769,Jacob Toppin,NYK,ATL,move,SF,1,0,0,Official
2024,84470,Tristan Vukcevic,WAS,WAS,re_sign,C,1,0,0,Official
2024,74126,Kai Jones,LAC,DAL,move,PF,1,0,0,Official
2024,78276,Collin Gillespie,DEN,PHX,move,PG,1,0,0,Official
2025,8051,Kyrie Irving,DAL,DAL,re_sign,PG,3,118473846,39491282,Official
2025,17839,Myles Turner,IND,MIL,move,C,4,108868482,27217121,Official
2025,74113,Josh Giddey,CHI,CHI,re_sign,SG,4,100000000,25000000,Official
2025,31574,Nickeil Alexander-Walker,MIN,ATL,move,SG,4,60647200,15161800,Official
2025,20757,Dorian Finney-Smith,LAL,HOU,move,PF,4,52705000,13176250,Official
2025,74137,Santi Aldama,MEM,MEM,re_sign,C,3,52500002,17500001,Official
2025,20778,Fred VanVleet,HOU,HOU,re_sign,PG,2,50000000,25000000,Official
2025,27658,Duncan Robinson,MIA,DET,move,SF,3,47978871,15992957,Official
2025,74114,Jonathan Kuminga,GSW,GSW,re_sign,PF,2,46800000,23400000,Official
2025,13330,Dennis Schröder,DET,SAC,move,PG,3,44427600,14809200,Official
2025,17850,Bobby Portis,MIL,MIL,re_sign,PF,3,43564242,14521414,Official
2025,23670,Luke Kornet,BOS,SAS,move,C,4,40700000,10175000,Official
2025,70702,Sam Merrill,CLE,CLE,re_sign,SG,4,38000000,9500000,Official
2025,20225,Caris LeVert,ATL,DET,move,SG,2,28913200,14456600,Official
2025,31582,Ty Jerome,CLE,MEM,move,SG,3,27660150,9220050,Official
2025,74116,Davion Mitchell,MIA,MIA,re_sign,PG,2,24000000,12000000,Official
2025,74125,Tre Mann,CHA,CHA,re_sign,PG,3,24000000,8000000,Official
2025,70683,Tre Jones,CHI,CHI,re_sign,PG,3,24000000,8000000,Official
2025,15377,Clint Capela,ATL,HOU,move,C,3,21105000,7035000,Official
2025,74129,Isaiah Jackson,IND,IND,re_sign,PF,3,21000000,7000000,Official
2025,6136,Brook Lopez,MIL,LAC,move,C,2,17937500,8968750,Official
2025,17858,Kevon Looney,GSW,NOP,move,C,2,16000000,8000000,Official
2025,74136,Day'Ron Sharpe,BKN,BKN,re_sign,C,2,12500000,6250000,Official
2025,74117,Ziaire Williams,BKN,BKN,re_sign,SF,2,12500000,6250000,Official
2025,78141,Jake LaRavia,SAC,LAL,move,PF,2,12000000,6000000,Official
2025,78155,Ryan Rollins,MIL,MIL,re_sign,SG,3,12000000,4000000,Official
2025,2199,Al Horford,BOS,GSW,move,C,2,11654250,5827125,Official
2025,17830,D'Angelo Russell,BKN,DAL,move,PG,2,11654250,5827125,Official
2025,6149,Nicolas Batum,LAC,LAC,re_sign,SF,2,11483280,5741640,Official
2025,23607,Luke Kennard,MEM,ATL,move,SG,1,11000000,11000000,Official
2025,70700,Paul Reed,DET,DET,re_sign,C,2,10938583,5469292,Official
2025,31589,Kevin Porter Jr.,MIL,MIL,re_sign,PG,2,10524700,5262350,Official
2025,93960,Cam Spencer,MEM,MEM,re_sign,SG,4,10396518,2599130,Official
2025,74132,Quentin Grimes,PHI,PHI,re_sign,SG,1,8741209,8741209,Official
2025,74420,Dru Smith,MIA,MIA,re_sign,SG,3,7898151,2632717,Official
2025,27003,Gary Trent Jr.,MIL,MIL,re_sign,SG,2,7579065,3789533,Official
2025,15371,Gary Harris,ORL,MIL,move,SG,2,7450014,3725007,Official
2025,20217,Taurean Prince,MIL,MIL,re_sign,PF,2,7119635,3559818,Official
2025,91770,Justin Edwards,PHI,PHI,re_sign,SG,3,7076338,2358779,Official
2025,17852,Tyus Jones,PHX,ORL,move,PG,1,7000000,7000000,Official
2025,27012,De'Anthony Melton,BKN,GSW,move,SG,2,6532700,3266350,Official
2025,74134,Cameron Thomas,BKN,BKN,re_sign,SG,1,5993172,5993172,Official
2025,74166,Jericho Sims,MIL,MIL,re_sign,C,2,5262809,2631405,Official
2025,74159,Luka Garza,MIN,BOS,move,C,2,5262809,2631405,Official
2025,74232,Trendon Watford,BKN,PHI,move,PF,2,5262809,2631405,Official
2025,74161,Sandro Mamukelashvili,SAS,TOR,move,C,2,5262809,2631405,Official
2025,26991,Moritz Wagner,ORL,ORL,re_sign,C,1,5000000,5000000,Official
2025,78156,Josh Minott,MIN,BOS,move,SF,2,4963409,2481705,Official
2025,94513,N'Faly Dante,HOU,ATL,move,PF,2,4459584,2229792,Official
2025,17855,Larry Nance Jr.,ATL,CLE,move,PF,1,3634153,3634153,Official
2025,13337,Tim Hardaway Jr.,DET,DEN,move,SG,1,3634153,3634153,Official
2025,2720,Jeff Green,HOU,HOU,re_sign,PF,1,3634153,3634153,Official
2025,2609,Chris Paul,SAS,LAC,move,PG,1,3634153,3634153,Official
2025,6116,Eric Gordon,PHI,PHI,re_sign,SG,1,3634153,3634153,Official
2025,13335,Mason Plumlee,PHX,CHA,move,C,1,3634153,3634153,Official
2025,17848,Delon Wright,NYK,IND,move,PG,1,3634153,3634153,Official
2025,6492,Garrett Temple,TOR,TOR,re_sign,SG,1,3634153,3634153,Official
2025,15852,Joe Ingles,MIN,MIN,re_sign,SF,1,3634153,3634153,Official
2025,2536,Kyle Lowry,PHI,PHI,re_sign,PG,1,3634153,3634153,Official
2025,17842,Cameron Payne,NYK,IND,move,PG,1,3634153,3634153,Official
2025,13512,Seth Curry,CHA,GSW,move,SG,1,3634153,3634153,Official
2025,15390,Spencer Dinwiddie,DAL,CHA,move,PG,1,3634153,3634153,Official
2025,6141,Russell Westbrook,DEN,SAC,move,PG,1,3634153,3634153,Official
2025,15363,Doug McDermott,SAC,SAC,re_sign,SF,1,3634153,3634153,Official
2025,13318,Alex Len,LAL,NYK,move,C,1,3634153,3634153,Official
2025,8057,Bismack Biyombo,SAS,SAS,re_sign,C,1,3634153,3634153,Official
2025,31565,Jaxson Hayes,LAL,LAL,re_sign,C,1,3449323,3449323,Official
2025,20242,Malcolm Brogdon,WAS,NYK,move,PG,1,3303774,3303774,Official
2025,20272,Gary Payton II,GSW,GSW,re_sign,PG,1,3303774,3303774,Official
2025,15357,Dante Exum,DAL,DAL,re_sign,PG,1,3303774,3303774,Official
2025,23671,Chris Boucher,TOR,BOS,move,PF,1,3287409,3287409,Official
2025,23643,Thomas Bryant,IND,CLE,move,C,1,3287409,3287409,Official
2025,26968,Marvin Bagley III,MEM,WAS,move,PF,1,3080921,3080921,Official
2025,27008,Bruce Brown Jr.,NOP,DEN,move,SG,1,3080921,3080921,Official
2025,26989,Aaron Holiday,HOU,HOU,re_sign,PG,1,3080921,3080921,Official
2025,26992,Landry Shamet,NYK,NYK,re_sign,SG,1,3080921,3080921,Official
2025,26975,Kevin Knox,GSW,CHI,move,SF,1,3080921,3080921,Official
2025,32198,Amir Coffey,LAC,MIL,move,SG,1,2874436,2874436,Official
2025,27975,Jordan McLaughlin,SAS,SAS,re_sign,PG,1,2874436,2874436,Official
2025,32409,Javonte Green,CLE,DET,move,SG,1,2874436,2874436,Official
2025,70758,Jae’Sean Tate,HOU,HOU,re_sign,SF,1,2667947,2667947,Official
2025,70662,Precious Achiuwa,NYK,MIA,move,PF,1,2667947,2667947,Official
2025,74153,Dalano Banton,POR,DAL,move,PG,1,2461463,2461463,Official
2025,75746,Lindy Waters III,DET,SAS,move,SF,1,2461463,2461463,Official
2025,74139,Jeremiah Robinson-Earl,NOP,DAL,move,PF,1,2461463,2461463,Official
2025,74160,Charles Bassey,SAS,ATL,move,C,1,2461463,2461463,Official
2025,74239,David Duke Jr.,SAS,PHX,move,SG,1,2461463,2461463,Official
2025,74418,Micah Potter,UTA,SAS,move,C,1,2461463,2461463,Official
2025,74151,Kessler Edwards,DAL,DEN,move,SF,1,2461463,2461463,Official
2025,74147,Jared Butler,PHI,PHX,move,PG,1,2461463,2461463,Official
2025,74133,Nah'Shon Hyland,MIN,MIN,re_sign,PG,1,2461463,2461463,Official
2025,74592,Braxton Key,GSW,MEM,move,SF,1,2461463,2461463,Official
2025,82122,Justin Minaya,POR,ORL,move,F,1,2378870,2378870,Official
2025,78276,Collin Gillespie,PHX,PHX,re_sign,PG,1,2378870,2378870,Official
2025,78125,TyTy Washington Jr.,PHX,LAC,move,PG,1,2378870,2378870,Official
2025,74267,Mac McClung,ORL,CHI,move,PG,1,2378870,2378870,Official
2025,78145,Wendell Moore Jr.,CHA,BOS,move,SG,1,2378870,2378870,Official
2025,78134,MarJon Beauchamp,NYK,POR,move,SG,1,2378870,2378870,Official
2025,86081,Adam Flagler,OKC,SAS,move,G,1,2296274,2296274,Official
2025,84475,Emoni Bates,CLE,PHI,move,SG,1,2296274,2296274,Official
2025,94479,Jalen Bridges,PHX,BOS,move,SG,1,2048494,2048494,Official
2025,93961,Anton Watson,NYK,LAL,move,PF,1,2048494,2048494,Official
2025,78142,Caleb Houstan,ORL,ATL,move,SF,1,0,0,Official
2025,78167,Jabari Walker,POR,PHI,move,SF,1,0,0,Official
2025,79256,Pat Spencer,GSW,GSW,re_sign,G,1,0,0,Official
2025,84470,Tristan Vukcevic,WAS,WAS,re_sign,C,1,0,0,Official
2025,94482,Isaiah Crawford,SAC,HOU,move,G,1,0,0,Official
2025,94483,Trey Alexander,DEN,NOP,move,SG,1,0,0,Official
2025,85837,Drew Peterson,BOS,CHA,move,F,1,0,0,Official
2025,94498,Daniss Jenkins,DET,DET,re_sign,G,1,0,0,Official
2025,94511,Jesse Edwards,MIN,MIN,re_sign,C,1,0,0,Official
2025,94515,P.J. Hall,DEN,MEM,move,PF,1,0,0,Official
2025,78140,Bryce McGowens,POR,NOP,move,SG,1,0,0,Official
2025,78584,Jamal Cain,NOP,ORL,move,SF,1,0,0,Official
2025,79960,Keaton Wallace,ATL,ATL,re_sign,G,1,0,0,Official
2025,95269,Riley Minix,SAS,SAS,re_sign,SF,1,0,0,Official
2025,91775,Harrison Ingram,SAS,SAS,re_sign,SF,1,0,0,Official
2025,95438,Spencer Jones,DEN,DEN,re_sign,SF,1,0,0,Official
2025,91763,Kevin McCullar Jr.,NYK,NYK,re_sign,SG,1,0,0,Official
2025,78129,E.J. Liddell,CHI,BKN,move,PF,1,0,0,Official
2025,78131,Christian Koloko,LAL,LAL,re_sign,C,1,0,0,Official
2025,95565,Yuki Kawamura,MEM,CHI,move,G,1,0,0,Official
2025,94538,Emanuel Miller,CHI,CHI,re_sign,SF,1,0,0,Official
2025,93957,Tristen Newton,MIN,MIN,re_sign,PG,1,0,0,Official
2025,94490,Branden Carlson,OKC,OKC,re_sign,C,1,0,0,Official
2025,84769,Jacob Toppin,ATL,ATL,re_sign,SF,1,0,0,Official
2025,79693,Tyson Etienne,BKN,BKN,re_sign,G,1,0,0,Official
2025,84732,Oscar Tshiebwe,UTA,UTA,re_sign,PF,1,0,0,Official
2026,26971,Trae Young,WAS,WAS,re_sign,PG,4,212799690,53199923,Official
2026,74218,Austin Reaves,LAL,LAL,re_sign,SG,4,184756320,46189080,Official
2026,78133,Walker Kessler,UTA,LAL,move,C,4,129467930,32366983,Official
2026,74145,Ayo Dosunmu,MIN,MIN,re_sign,PG,5,112000000,22400000,Official
2026,78123,Tari Eason,HOU,HOU,re_sign,PF,5,81449460,16289892,Official
2026,23644,Isaiah Hartenstein,OKC,OKC,re_sign,C,3,75000000,25000000,Official
2026,31564,Coby White,CHA,CHA,re_sign,PG,3,74000000,24666667,Official
2026,27003,Gary Trent Jr.,MIL,MIL,re_sign,SG,4,64000000,16000000,Official
2026,74132,Quentin Grimes,PHI,LAL,move,SG,4,60000000,15000000,Official
2026,74161,Sandro Mamukelashvili,TOR,LAL,move,C,4,52000000,13000000,Official
2026,23614,John Collins,LAC,DET,move,PF,3,51000000,17000000,Official
2026,78276,Collin Gillespie,PHX,PHX,re_sign,PG,4,48000000,12000000,Official
2026,27002,Mitchell Robinson,NYK,BOS,move,C,3,47388600,15796200,Official
2026,17874,Norman Powell,MIA,CHI,move,SG,2,44075000,22037500,Official
2026,31963,Dean Wade,CLE,PHI,move,PF,4,38700000,9675000,Official
2026,78121,Mark Williams,PHX,PHX,re_sign,C,3,38000000,12666667,Official
2026,8070,Tobias Harris,DET,SAS,move,PF,2,30840200,15420100,Official
2026,31566,Rui Hachimura,LAL,LAC,move,PF,2,28000000,14000000,Official
2026,10860,Draymond Green,GSW,GSW,re_sign,PF/SF,1,27678571,27678571,Agreed
2026,26985,Kevin Huerter,DET,DET,re_sign,SG,3,27000000,9000000,Official
2026,93959,Quinten Post,GSW,MEM,move,C,3,26100000,8700000,Official
2026,26992,Landry Shamet,NYK,NYK,re_sign,SG,4,23978467,5994617,Official
2026,15368,Jusuf Nurkic,UTA,UTA,re_sign,C,2,22000000,11000000,Official
2026,74136,Day'Ron Sharpe,BKN,BKN,re_sign,C,2,20000000,10000000,Official
2026,26974,Collin Sexton,CHI,LAL,move,PG,2,19200300,9600150,Official
2026,26991,Moritz Wagner,ORL,BKN,move,C,2,19000000,9500000,Agreed
2026,74333,Jordan Goodwin,PHX,PHX,re_sign,PG,3,19000000,6333333,Official
2026,78267,Keon Ellis,CLE,BKN,move,SF,2,18000000,9000000,Official
2026,10864,Khris Middleton,DAL,WAS,move,SF,3,17612034,5870678,Official
2026,78118,Ousmane Dieng,MIL,MIL,re_sign,SF,3,17250000,5750000,Official
2026,17843,Kelly Oubre Jr.,PHI,IND,move,SF,2,16500000,8250000,Official
2026,84474,Jordan Miller,LAC,LAC,re_sign,SF,3,15300000,5100000,Official
2026,74331,Jose Alvarado,NYK,NYK,re_sign,PG,3,14384484,4794828,Official
2026,74215,Jock Landale,ATL,ATL,re_sign,C/PF,1,14100000,14100000,Official
2026,2199,Al Horford,GSW,GSW,re_sign,C,2,13985100,6992550,Official
2026,78577,Ron Harper Jr.,BOS,BOS,re_sign,SG,4,13704229,3426057,Official
2026,23607,Luke Kennard,LAL,PHX,move,SG,2,12431200,6215600,Official
2026,15358,Marcus Smart,LAL,HOU,move,PG,2,12431200,6215600,Official
2026,26990,Anfernee Simons,CHI,PHI,move,SG,2,12300000,6150000,Official
2026,31565,Jaxson Hayes,LAL,UTA,move,C,2,12000000,6000000,Official
2026,26986,Josh Okogie,HOU,UTA,move,SG,2,12000000,6000000,Official
2026,95438,Spencer Jones,DEN,DEN,re_sign,SF,2,11750000,5875000,Official
2026,99262,Kobe Sanders,LAC,LAC,re_sign,G,4,11279212,2819803,Official
2026,99263,Mohamed Diawara,NYK,NYK,re_sign,PF,4,11278738,2819685,Official
2026,94482,Isaiah Crawford,HOU,HOU,re_sign,G,4,11274781,2818695,Official
2026,27012,De'Anthony Melton,GSW,GSW,re_sign,SG,2,11227850,5613925,Agreed
2026,70662,Precious Achiuwa,SAC,SAC,re_sign,PF,2,11227850,5613925,Official
2026,84479,Jaylen Clark,MIN,MIN,re_sign,SG,3,10000000,3333333,Official
2026,78156,Josh Minott,BKN,BKN,re_sign,SF,2,9000000,4500000,Official
2026,10815,Harrison Barnes,SAS,SAS,re_sign,PF,1,8000000,8000000,Official
2026,6117,DeAndre Jordan,NOP,NOP,re_sign,C,2,7946884,3973442,Official
2026,13337,Tim Hardaway Jr.,DEN,MIA,move,SG,1,6065000,6065000,Official
2026,79950,Daeqwon Plowden,SAC,SAC,re_sign,G,2,5113822,2556911,Official
2026,27758,Kenrich Williams,OKC,OKC,re_sign,PF,1,5000000,5000000,Official
2026,98642,Alijah Martin,TOR,TOR,re_sign,SG,2,4757011,2378506,Official
2026,99882,Moussa Cisse,DAL,DAL,re_sign,F,2,4756989,2378495,Official
2026,32409,Javonte Green,DET,DET,re_sign,SG,1,3943679,3943679,Official
2026,15398,Jordan Clarkson,NYK,NYK,re_sign,SG,1,3876529,3876529,Official
2026,8067,Nikola Vucevic,BOS,ORL,move,C,1,3876529,3876529,Official
2026,10817,Andre Drummond,PHI,NYK,move,C,1,3876529,3876529,Official
2026,15382,Kyle Anderson,MIN,TOR,move,PF,1,3876529,3876529,Official
2026,17858,Kevon Looney,NOP,LAL,move,C,1,3876529,3876529,Official
2026,17855,Larry Nance Jr.,CLE,IND,move,PF,1,3876529,3876529,Official
2026,2532,Mike Conley,MIN,BOS,move,PG,1,3876529,3876529,Official
2026,17852,Tyus Jones,DEN,DEN,re_sign,PG,1,3876529,3876529,Official
2026,15379,Bogdan Bogdanovic,LAC,HOU,move,SG,1,3524115,3524115,Official
2026,23643,Thomas Bryant,CLE,CLE,re_sign,C,1,3524115,3524115,Official
2026,26968,Marvin Bagley III,DAL,DEN,move,PF,1,3506659,3506659,Official
2026,26998,Jevon Carter,ORL,ORL,re_sign,PG,1,3506659,3506659,Official
2026,93962,Ariel Hukporti,NYK,PHI,move,C,1,3400000,3400000,Official
2026,31577,Matisse Thybulle,POR,LAL,move,SG,1,3286399,3286399,Official
2026,27975,Jordan McLaughlin,SAS,SAS,re_sign,PG,1,3286399,3286399,Official
2026,70758,Jae’Sean Tate,HOU,HOU,re_sign,SF,1,3066143,3066143,Official
2026,74117,Ziaire Williams,BKN,LAL,move,SF,1,2845883,2845883,Official
2026,74133,Nah'Shon Hyland,MIN,MIN,re_sign,PG,1,2845883,2845883,Official
2026,74160,Charles Bassey,GSW,GSW,re_sign,C,1,2845883,2845883,Official
2026,78654,Simone Fontecchio,MIA,MIA,re_sign,SF,1,2625627,2625627,Official
2026,84444,Julian Phillips,MIN,HOU,move,SF,1,2537526,2537526,Official
2026,84732,Oscar Tshiebwe,UTA,HOU,move,PF,1,2537526,2537526,Official
2026,78131,Christian Koloko,ATL,NOP,move,C,1,2537526,2537526,Official
2026,94490,Branden Carlson,OKC,POR,move,C,1,2449421,2449421,Official
2026,91775,Harrison Ingram,SAS,UTA,move,SF,1,2449421,2449421,Official
2026,98644,Amari Williams,BOS,BOS,re_sign,C,1,679042,679042,Official
2026,84464,Kobe Brown,IND,IND,re_sign,PF,1,678882,678882,Official
2026,84477,Jalen Wilson,BKN,ATL,move,PF,1,678882,678882,Official
2026,82212,Rayan Rupert,MEM,PHI,move,SG,1,678882,678882,Official
2026,95564,Elijah Harkless,UTA,DET,move,PG,1,678882,678882,Official
2026,99629,Caleb Love,POR,PHI,move,G,1,678882,678882,Official
2026,94483,Trey Alexander,NOP,UTA,move,SG,1,678882,678882,Official
2026,99654,Hunter Dickinson,NOP,NOP,re_sign,COA,1,678882,678882,Official
2026,99257,Jamir Watkins,WAS,WAS,re_sign,G,1,678882,678882,Official
2026,99256,Koby Brea,PHX,PHX,re_sign,G,1,678882,678882,Official
2026,100548,David Jones-Garcia,SAS,SAS,re_sign,SF,1,678882,678882,Official
2026,100551,Chris Manon,LAL,LAL,re_sign,G,1,678882,678882,Official
2026,84736,Colin Castleton,ORL,ORL,re_sign,PF,1,678882,678882,Official
2026,84480,Jalen Slawson,IND,IND,re_sign,PF,1,678882,678882,Official
2026,99258,Brooks Barnhizer,OKC,OKC,re_sign,SF,1,678882,678882,Official
2026,92956,Jonathan Mogbo,TOR,SAC,move,C,2,0,0,Official
2026,99630,Chucky Hepburn,TOR,TOR,re_sign,G,1,0,0,Official
2026,93958,Enrique Freeman,MIN,MIN,re_sign,PF,1,0,0,Official
2026,99266,John Tonje,BOS,POR,move,G,2,0,0,Official
2026,79256,Pat Spencer,GSW,PHX,move,G,1,0,0,Official
2026,101247,Chaney Johnson,BKN,BKN,re_sign,F,1,0,0,Agreed
